season,lg,team,abbreviation,playoffs,franchise_id
2026,NBA,Atlanta Hawks,ATL,False,ATL
2026,NBA,Boston Celtics,BOS,False,BOS
2026,NBA,Brooklyn Nets,BRK,False,BRK
2026,NBA,Chicago Bulls,CHI,False,CHI
2026,NBA,Charlotte Hornets,CHO,False,CHA
2026,NBA,Cleveland Cavaliers,CLE,False,CLE
2026,NBA,Dallas Mavericks,DAL,False,DAL
2026,NBA,Denver Nuggets,DEN,False,DEN
2026,NBA,Detroit Pistons,DET,True,DET
2026,NBA,Golden State Warriors,GSW,False,GSW
2026,NBA,Houston Rockets,HOU,False,HOU
2026,NBA,Indiana Pacers,IND,False,IND
2026,NBA,Los Angeles Clippers,LAC,False,LAC
2026,NBA,Los Angeles Lakers,LAL,False,LAL
2026,NBA,Memphis Grizzlies,MEM,False,MEM
2026,NBA,Miami Heat,MIA,False,MIA
2026,NBA,Milwaukee Bucks,MIL,False,MIL
2026,NBA,Minnesota Timberwolves,MIN,False,MIN
2026,NBA,New Orleans Pelicans,NOP,False,NOP
2026,NBA,New York Knicks,NYK,False,NYK
2026,NBA,Oklahoma City Thunder,OKC,True,OKC
2026,NBA,Orlando Magic,ORL,False,ORL
2026,NBA,Philadelphia 76ers,PHI,False,PHI
2026,NBA,Phoenix Suns,PHO,False,PHO
2026,NBA,Portland Trail Blazers,POR,False,POR
2026,NBA,Sacramento Kings,SAC,False,SAC
2026,NBA,San Antonio Spurs,SAS,True,SAS
2026,NBA,Toronto Raptors,TOR,False,TOR
2026,NBA,Utah Jazz,UTA,False,UTA
2026,NBA,Washington Wizards,WAS,False,WAS
2025,NBA,Atlanta Hawks,ATL,True,ATL
2025,NBA,Boston Celtics,BOS,True,BOS
2025,NBA,Brooklyn Nets,BRK,False,BRK
2025,NBA,Chicago Bulls,CHI,True,CHI
2025,NBA,Charlotte Hornets,CHO,False,CHA
2025,NBA,Cleveland Cavaliers,CLE,True,CLE
2025,NBA,Dallas Mavericks,DAL,True,DAL
2025,NBA,Denver Nuggets,DEN,True,DEN
2025,NBA,Detroit Pistons,DET,True,DET
2025,NBA,Golden State Warriors,GSW,True,GSW
2025,NBA,Houston Rockets,HOU,True,HOU
2025,NBA,Indiana Pacers,IND,True,IND
2025,NBA,Los Angeles Clippers,LAC,True,LAC
2025,NBA,Los Angeles Lakers,LAL,True,LAL
2025,NBA,Memphis Grizzlies,MEM,True,MEM
2025,NBA,Miami Heat,MIA,True,MIA
2025,NBA,Milwaukee Bucks,MIL,True,MIL
2025,NBA,Minnesota Timberwolves,MIN,True,MIN
2025,NBA,New Orleans Pelicans,NOP,False,NOP
2025,NBA,New York Knicks,NYK,True,NYK
2025,NBA,Oklahoma City Thunder,OKC,True,OKC
2025,NBA,Orlando Magic,ORL,True,ORL
2025,NBA,Philadelphia 76ers,PHI,False,PHI
2025,NBA,Phoenix Suns,PHO,False,PHO
2025,NBA,Portland Trail Blazers,POR,False,POR
2025,NBA,Sacramento Kings,SAC,True,SAC
2025,NBA,San Antonio Spurs,SAS,False,SAS
2025,NBA,Toronto Raptors,TOR,False,TOR
2025,NBA,Utah Jazz,UTA,False,UTA
2025,NBA,Washington Wizards,WAS,False,WAS
2024,NBA,Atlanta Hawks,ATL,False,ATL
2024,NBA,Boston Celtics,BOS,True,BOS
2024,NBA,Brooklyn Nets,BRK,False,BRK
2024,NBA,Chicago Bulls,CHI,False,CHI
2024,NBA,Charlotte Hornets,CHO,False,CHA
2024,NBA,Cleveland Cavaliers,CLE,True,CLE
2024,NBA,Dallas Mavericks,DAL,True,DAL
2024,NBA,Denver Nuggets,DEN,True,DEN
2024,NBA,Detroit Pistons,DET,False,DET
2024,NBA,Golden State Warriors,GSW,False,GSW
2024,NBA,Houston Rockets,HOU,False,HOU
2024,NBA,Indiana Pacers,IND,True,IND
2024,NBA,Los Angeles Clippers,LAC,True,LAC
2024,NBA,Los Angeles Lakers,LAL,True,LAL
2024,NBA,Memphis Grizzlies,MEM,False,MEM
2024,NBA,Miami Heat,MIA,True,MIA
2024,NBA,Milwaukee Bucks,MIL,True,MIL
2024,NBA,Minnesota Timberwolves,MIN,True,MIN
2024,NBA,New Orleans Pelicans,NOP,True,NOP
2024,NBA,New York Knicks,NYK,True,NYK
2024,NBA,Oklahoma City Thunder,OKC,True,OKC
2024,NBA,Orlando Magic,ORL,True,ORL
2024,NBA,Philadelphia 76ers,PHI,True,PHI
2024,NBA,Phoenix Suns,PHO,True,PHO
2024,NBA,Portland Trail Blazers,POR,False,POR
2024,NBA,Sacramento Kings,SAC,False,SAC
2024,NBA,San Antonio Spurs,SAS,False,SAS
2024,NBA,Toronto Raptors,TOR,False,TOR
2024,NBA,Utah Jazz,UTA,False,UTA
2024,NBA,Washington Wizards,WAS,False,WAS
2023,NBA,Atlanta Hawks,ATL,True,ATL
2023,NBA,Boston Celtics,BOS,True,BOS
2023,NBA,Brooklyn Nets,BRK,True,BRK
2023,NBA,Chicago Bulls,CHI,False,CHI
2023,NBA,Charlotte Hornets,CHO,False,CHA
2023,NBA,Cleveland Cavaliers,CLE,True,CLE
2023,NBA,Dallas Mavericks,DAL,False,DAL
2023,NBA,Denver Nuggets,DEN,True,DEN
2023,NBA,Detroit Pistons,DET,False,DET
2023,NBA,Golden State Warriors,GSW,True,GSW
2023,NBA,Houston Rockets,HOU,False,HOU
2023,NBA,Indiana Pacers,IND,False,IND
2023,NBA,Los Angeles Clippers,LAC,True,LAC
2023,NBA,Los Angeles Lakers,LAL,True,LAL
2023,NBA,Memphis Grizzlies,MEM,True,MEM
2023,NBA,Miami Heat,MIA,True,MIA
2023,NBA,Milwaukee Bucks,MIL,True,MIL
2023,NBA,Minnesota Timberwolves,MIN,True,MIN
2023,NBA,New Orleans Pelicans,NOP,False,NOP
2023,NBA,New York Knicks,NYK,True,NYK
2023,NBA,Oklahoma City Thunder,OKC,False,OKC
2023,NBA,Orlando Magic,ORL,False,ORL
2023,NBA,Philadelphia 76ers,PHI,True,PHI
2023,NBA,Phoenix Suns,PHO,True,PHO
2023,NBA,Portland Trail Blazers,POR,False,POR
2023,NBA,Sacramento Kings,SAC,True,SAC
2023,NBA,San Antonio Spurs,SAS,False,SAS
2023,NBA,Toronto Raptors,TOR,False,TOR
2023,NBA,Utah Jazz,UTA,False,UTA
2023,NBA,Washington Wizards,WAS,False,WAS
2022,NBA,Atlanta Hawks,ATL,True,ATL
2022,NBA,Boston Celtics,BOS,True,BOS
2022,NBA,Brooklyn Nets,BRK,True,BRK
2022,NBA,Chicago Bulls,CHI,True,CHI
2022,NBA,Charlotte Hornets,CHO,False,CHA
2022,NBA,Cleveland Cavaliers,CLE,False,CLE
2022,NBA,Dallas Mavericks,DAL,True,DAL
2022,NBA,Denver Nuggets,DEN,True,DEN
2022,NBA,Detroit Pistons,DET,False,DET
2022,NBA,Golden State Warriors,GSW,True,GSW
2022,NBA,Houston Rockets,HOU,False,HOU
2022,NBA,Indiana Pacers,IND,False,IND
2022,NBA,Los Angeles Clippers,LAC,False,LAC
2022,NBA,Los Angeles Lakers,LAL,False,LAL
2022,NBA,Memphis Grizzlies,MEM,True,MEM
2022,NBA,Miami Heat,MIA,True,MIA
2022,NBA,Milwaukee Bucks,MIL,True,MIL
2022,NBA,Minnesota Timberwolves,MIN,True,MIN
2022,NBA,New Orleans Pelicans,NOP,True,NOP
2022,NBA,New York Knicks,NYK,False,NYK
2022,NBA,Oklahoma City Thunder,OKC,False,OKC
2022,NBA,Orlando Magic,ORL,False,ORL
2022,NBA,Philadelphia 76ers,PHI,True,PHI
2022,NBA,Phoenix Suns,PHO,True,PHO
2022,NBA,Portland Trail Blazers,POR,False,POR
2022,NBA,Sacramento Kings,SAC,False,SAC
2022,NBA,San Antonio Spurs,SAS,False,SAS
2022,NBA,Toronto Raptors,TOR,True,TOR
2022,NBA,Utah Jazz,UTA,True,UTA
2022,NBA,Washington Wizards,WAS,False,WAS
2021,NBA,Atlanta Hawks,ATL,True,ATL
2021,NBA,Boston Celtics,BOS,True,BOS
2021,NBA,Brooklyn Nets,BRK,True,BRK
2021,NBA,Chicago Bulls,CHI,False,CHI
2021,NBA,Charlotte Hornets,CHO,False,CHA
2021,NBA,Cleveland Cavaliers,CLE,False,CLE
2021,NBA,Dallas Mavericks,DAL,True,DAL
2021,NBA,Denver Nuggets,DEN,True,DEN
2021,NBA,Detroit Pistons,DET,False,DET
2021,NBA,Golden State Warriors,GSW,False,GSW
2021,NBA,Houston Rockets,HOU,False,HOU
2021,NBA,Indiana Pacers,IND,False,IND
2021,NBA,Los Angeles Clippers,LAC,True,LAC
2021,NBA,Los Angeles Lakers,LAL,True,LAL
2021,NBA,Memphis Grizzlies,MEM,True,MEM
2021,NBA,Miami Heat,MIA,True,MIA
2021,NBA,Milwaukee Bucks,MIL,True,MIL
2021,NBA,Minnesota Timberwolves,MIN,False,MIN
2021,NBA,New Orleans Pelicans,NOP,False,NOP
2021,NBA,New York Knicks,NYK,True,NYK
2021,NBA,Oklahoma City Thunder,OKC,False,OKC
2021,NBA,Orlando Magic,ORL,False,ORL
2021,NBA,Philadelphia 76ers,PHI,True,PHI
2021,NBA,Phoenix Suns,PHO,True,PHO
2021,NBA,Portland Trail Blazers,POR,True,POR
2021,NBA,Sacramento Kings,SAC,False,SAC
2021,NBA,San Antonio Spurs,SAS,False,SAS
2021,NBA,Toronto Raptors,TOR,False,TOR
2021,NBA,Utah Jazz,UTA,True,UTA
2021,NBA,Washington Wizards,WAS,True,WAS
2020,NBA,Atlanta Hawks,ATL,False,ATL
2020,NBA,Boston Celtics,BOS,True,BOS
2020,NBA,Brooklyn Nets,BRK,True,BRK
2020,NBA,Chicago Bulls,CHI,False,CHI
2020,NBA,Charlotte Hornets,CHO,False,CHA
2020,NBA,Cleveland Cavaliers,CLE,False,CLE
2020,NBA,Dallas Mavericks,DAL,True,DAL
2020,NBA,Denver Nuggets,DEN,True,DEN
2020,NBA,Detroit Pistons,DET,False,DET
2020,NBA,Golden State Warriors,GSW,False,GSW
2020,NBA,Houston Rockets,HOU,True,HOU
2020,NBA,Indiana Pacers,IND,True,IND
2020,NBA,Los Angeles Clippers,LAC,True,LAC
2020,NBA,Los Angeles Lakers,LAL,True,LAL
2020,NBA,Memphis Grizzlies,MEM,False,MEM
2020,NBA,Miami Heat,MIA,True,MIA
2020,NBA,Milwaukee Bucks,MIL,True,MIL
2020,NBA,Minnesota Timberwolves,MIN,False,MIN
2020,NBA,New Orleans Pelicans,NOP,False,NOP
2020,NBA,New York Knicks,NYK,False,NYK
2020,NBA,Oklahoma City Thunder,OKC,True,OKC
2020,NBA,Orlando Magic,ORL,True,ORL
2020,NBA,Philadelphia 76ers,PHI,True,PHI
2020,NBA,Phoenix Suns,PHO,False,PHO
2020,NBA,Portland Trail Blazers,POR,True,POR
2020,NBA,Sacramento Kings,SAC,False,SAC
2020,NBA,San Antonio Spurs,SAS,False,SAS
2020,NBA,Toronto Raptors,TOR,True,TOR
2020,NBA,Utah Jazz,UTA,True,UTA
2020,NBA,Washington Wizards,WAS,False,WAS
2019,NBA,Atlanta Hawks,ATL,False,ATL
2019,NBA,Boston Celtics,BOS,True,BOS
2019,NBA,Brooklyn Nets,BRK,True,BRK
2019,NBA,Chicago Bulls,CHI,False,CHI
2019,NBA,Charlotte Hornets,CHO,False,CHA
2019,NBA,Cleveland Cavaliers,CLE,False,CLE
2019,NBA,Dallas Mavericks,DAL,False,DAL
2019,NBA,Denver Nuggets,DEN,True,DEN
2019,NBA,Detroit Pistons,DET,True,DET
2019,NBA,Golden State Warriors,GSW,True,GSW
2019,NBA,Houston Rockets,HOU,True,HOU
2019,NBA,Indiana Pacers,IND,True,IND
2019,NBA,Los Angeles Clippers,LAC,True,LAC
2019,NBA,Los Angeles Lakers,LAL,False,LAL
2019,NBA,Memphis Grizzlies,MEM,False,MEM
2019,NBA,Miami Heat,MIA,False,MIA
2019,NBA,Milwaukee Bucks,MIL,True,MIL
2019,NBA,Minnesota Timberwolves,MIN,False,MIN
2019,NBA,New Orleans Pelicans,NOP,False,NOP
2019,NBA,New York Knicks,NYK,False,NYK
2019,NBA,Oklahoma City Thunder,OKC,True,OKC
2019,NBA,Orlando Magic,ORL,True,ORL
2019,NBA,Philadelphia 76ers,PHI,True,PHI
2019,NBA,Phoenix Suns,PHO,False,PHO
2019,NBA,Portland Trail Blazers,POR,True,POR
2019,NBA,Sacramento Kings,SAC,False,SAC
2019,NBA,San Antonio Spurs,SAS,True,SAS
2019,NBA,Toronto Raptors,TOR,True,TOR
2019,NBA,Utah Jazz,UTA,True,UTA
2019,NBA,Washington Wizards,WAS,False,WAS
2018,NBA,Atlanta Hawks,ATL,False,ATL
2018,NBA,Boston Celtics,BOS,True,BOS
2018,NBA,Brooklyn Nets,BRK,False,BRK
2018,NBA,Chicago Bulls,CHI,False,CHI
2018,NBA,Charlotte Hornets,CHO,False,CHA
2018,NBA,Cleveland Cavaliers,CLE,True,CLE
2018,NBA,Dallas Mavericks,DAL,False,DAL
2018,NBA,Denver Nuggets,DEN,False,DEN
2018,NBA,Detroit Pistons,DET,False,DET
2018,NBA,Golden State Warriors,GSW,True,GSW
2018,NBA,Houston Rockets,HOU,True,HOU
2018,NBA,Indiana Pacers,IND,True,IND
2018,NBA,Los Angeles Clippers,LAC,False,LAC
2018,NBA,Los Angeles Lakers,LAL,False,LAL
2018,NBA,Memphis Grizzlies,MEM,False,MEM
2018,NBA,Miami Heat,MIA,True,MIA
2018,NBA,Milwaukee Bucks,MIL,True,MIL
2018,NBA,Minnesota Timberwolves,MIN,True,MIN
2018,NBA,New Orleans Pelicans,NOP,True,NOP
2018,NBA,New York Knicks,NYK,False,NYK
2018,NBA,Oklahoma City Thunder,OKC,True,OKC
2018,NBA,Orlando Magic,ORL,False,ORL
2018,NBA,Philadelphia 76ers,PHI,True,PHI
2018,NBA,Phoenix Suns,PHO,False,PHO
2018,NBA,Portland Trail Blazers,POR,True,POR
2018,NBA,Sacramento Kings,SAC,False,SAC
2018,NBA,San Antonio Spurs,SAS,True,SAS
2018,NBA,Toronto Raptors,TOR,True,TOR
2018,NBA,Utah Jazz,UTA,True,UTA
2018,NBA,Washington Wizards,WAS,True,WAS
2017,NBA,Atlanta Hawks,ATL,True,ATL
2017,NBA,Boston Celtics,BOS,True,BOS
2017,NBA,Brooklyn Nets,BRK,False,BRK
2017,NBA,Chicago Bulls,CHI,True,CHI
2017,NBA,Charlotte Hornets,CHO,False,CHA
2017,NBA,Cleveland Cavaliers,CLE,True,CLE
2017,NBA,Dallas Mavericks,DAL,False,DAL
2017,NBA,Denver Nuggets,DEN,False,DEN
2017,NBA,Detroit Pistons,DET,False,DET
2017,NBA,Golden State Warriors,GSW,True,GSW
2017,NBA,Houston Rockets,HOU,True,HOU
2017,NBA,Indiana Pacers,IND,True,IND
2017,NBA,Los Angeles Clippers,LAC,True,LAC
2017,NBA,Los Angeles Lakers,LAL,False,LAL
2017,NBA,Memphis Grizzlies,MEM,True,MEM
2017,NBA,Miami Heat,MIA,False,MIA
2017,NBA,Milwaukee Bucks,MIL,True,MIL
2017,NBA,Minnesota Timberwolves,MIN,False,MIN
2017,NBA,New Orleans Pelicans,NOP,False,NOP
2017,NBA,New York Knicks,NYK,False,NYK
2017,NBA,Oklahoma City Thunder,OKC,True,OKC
2017,NBA,Orlando Magic,ORL,False,ORL
2017,NBA,Philadelphia 76ers,PHI,False,PHI
2017,NBA,Phoenix Suns,PHO,False,PHO
2017,NBA,Portland Trail Blazers,POR,True,POR
2017,NBA,Sacramento Kings,SAC,False,SAC
2017,NBA,San Antonio Spurs,SAS,True,SAS
2017,NBA,Toronto Raptors,TOR,True,TOR
2017,NBA,Utah Jazz,UTA,True,UTA
2017,NBA,Washington Wizards,WAS,True,WAS
2016,NBA,Atlanta Hawks,ATL,True,ATL
2016,NBA,Boston Celtics,BOS,True,BOS
2016,NBA,Brooklyn Nets,BRK,False,BRK
2016,NBA,Chicago Bulls,CHI,False,CHI
2016,NBA,Charlotte Hornets,CHO,True,CHA
2016,NBA,Cleveland Cavaliers,CLE,True,CLE
2016,NBA,Dallas Mavericks,DAL,True,DAL
2016,NBA,Denver Nuggets,DEN,False,DEN
2016,NBA,Detroit Pistons,DET,True,DET
2016,NBA,Golden State Warriors,GSW,True,GSW
2016,NBA,Houston Rockets,HOU,True,HOU
2016,NBA,Indiana Pacers,IND,True,IND
2016,NBA,Los Angeles Clippers,LAC,True,LAC
2016,NBA,Los Angeles Lakers,LAL,False,LAL
2016,NBA,Memphis Grizzlies,MEM,True,MEM
2016,NBA,Miami Heat,MIA,True,MIA
2016,NBA,Milwaukee Bucks,MIL,False,MIL
2016,NBA,Minnesota Timberwolves,MIN,False,MIN
2016,NBA,New Orleans Pelicans,NOP,False,NOP
2016,NBA,New York Knicks,NYK,False,NYK
2016,NBA,Oklahoma City Thunder,OKC,True,OKC
2016,NBA,Orlando Magic,ORL,False,ORL
2016,NBA,Philadelphia 76ers,PHI,False,PHI
2016,NBA,Phoenix Suns,PHO,False,PHO
2016,NBA,Portland Trail Blazers,POR,True,POR
2016,NBA,Sacramento Kings,SAC,False,SAC
2016,NBA,San Antonio Spurs,SAS,True,SAS
2016,NBA,Toronto Raptors,TOR,True,TOR
2016,NBA,Utah Jazz,UTA,False,UTA
2016,NBA,Washington Wizards,WAS,False,WAS
2015,NBA,Atlanta Hawks,ATL,True,ATL
2015,NBA,Boston Celtics,BOS,True,BOS
2015,NBA,Brooklyn Nets,BRK,True,BRK
2015,NBA,Chicago Bulls,CHI,True,CHI
2015,NBA,Charlotte Hornets,CHO,False,CHA
2015,NBA,Cleveland Cavaliers,CLE,True,CLE
2015,NBA,Dallas Mavericks,DAL,True,DAL
2015,NBA,Denver Nuggets,DEN,False,DEN
2015,NBA,Detroit Pistons,DET,False,DET
2015,NBA,Golden State Warriors,GSW,True,GSW
2015,NBA,Houston Rockets,HOU,True,HOU
2015,NBA,Indiana Pacers,IND,False,IND
2015,NBA,Los Angeles Clippers,LAC,True,LAC
2015,NBA,Los Angeles Lakers,LAL,False,LAL
2015,NBA,Memphis Grizzlies,MEM,True,MEM
2015,NBA,Miami Heat,MIA,False,MIA
2015,NBA,Milwaukee Bucks,MIL,True,MIL
2015,NBA,Minnesota Timberwolves,MIN,False,MIN
2015,NBA,New Orleans Pelicans,NOP,True,NOP
2015,NBA,New York Knicks,NYK,False,NYK
2015,NBA,Oklahoma City Thunder,OKC,False,OKC
2015,NBA,Orlando Magic,ORL,False,ORL
2015,NBA,Philadelphia 76ers,PHI,False,PHI
2015,NBA,Phoenix Suns,PHO,False,PHO
2015,NBA,Portland Trail Blazers,POR,True,POR
2015,NBA,Sacramento Kings,SAC,False,SAC
2015,NBA,San Antonio Spurs,SAS,True,SAS
2015,NBA,Toronto Raptors,TOR,True,TOR
2015,NBA,Utah Jazz,UTA,False,UTA
2015,NBA,Washington Wizards,WAS,True,WAS
2014,NBA,Atlanta Hawks,ATL,True,ATL
2014,NBA,Boston Celtics,BOS,False,BOS
2014,NBA,Brooklyn Nets,BRK,True,BRK
2014,NBA,Charlotte Bobcats,CHA,True,CHA
2014,NBA,Chicago Bulls,CHI,True,CHI
2014,NBA,Cleveland Cavaliers,CLE,False,CLE
2014,NBA,Dallas Mavericks,DAL,True,DAL
2014,NBA,Denver Nuggets,DEN,False,DEN
2014,NBA,Detroit Pistons,DET,False,DET
2014,NBA,Golden State Warriors,GSW,True,GSW
2014,NBA,Houston Rockets,HOU,True,HOU
2014,NBA,Indiana Pacers,IND,True,IND
2014,NBA,Los Angeles Clippers,LAC,True,LAC
2014,NBA,Los Angeles Lakers,LAL,False,LAL
2014,NBA,Memphis Grizzlies,MEM,True,MEM
2014,NBA,Miami Heat,MIA,True,MIA
2014,NBA,Milwaukee Bucks,MIL,False,MIL
2014,NBA,Minnesota Timberwolves,MIN,False,MIN
2014,NBA,New Orleans Pelicans,NOP,False,NOP
2014,NBA,New York Knicks,NYK,False,NYK
2014,NBA,Oklahoma City Thunder,OKC,True,OKC
2014,NBA,Orlando Magic,ORL,False,ORL
2014,NBA,Philadelphia 76ers,PHI,False,PHI
2014,NBA,Phoenix Suns,PHO,False,PHO
2014,NBA,Portland Trail Blazers,POR,True,POR
2014,NBA,Sacramento Kings,SAC,False,SAC
2014,NBA,San Antonio Spurs,SAS,True,SAS
2014,NBA,Toronto Raptors,TOR,True,TOR
2014,NBA,Utah Jazz,UTA,False,UTA
2014,NBA,Washington Wizards,WAS,True,WAS
2013,NBA,Atlanta Hawks,ATL,True,ATL
2013,NBA,Boston Celtics,BOS,True,BOS
2013,NBA,Brooklyn Nets,BRK,True,BRK
2013,NBA,Charlotte Bobcats,CHA,False,CHA
2013,NBA,Chicago Bulls,CHI,True,CHI
2013,NBA,Cleveland Cavaliers,CLE,False,CLE
2013,NBA,Dallas Mavericks,DAL,False,DAL
2013,NBA,Denver Nuggets,DEN,True,DEN
2013,NBA,Detroit Pistons,DET,False,DET
2013,NBA,Golden State Warriors,GSW,True,GSW
2013,NBA,Houston Rockets,HOU,True,HOU
2013,NBA,Indiana Pacers,IND,True,IND
2013,NBA,Los Angeles Clippers,LAC,True,LAC
2013,NBA,Los Angeles Lakers,LAL,True,LAL
2013,NBA,Memphis Grizzlies,MEM,True,MEM
2013,NBA,Miami Heat,MIA,True,MIA
2013,NBA,Milwaukee Bucks,MIL,True,MIL
2013,NBA,Minnesota Timberwolves,MIN,False,MIN
2013,NBA,New Orleans Hornets,NOH,False,NOH
2013,NBA,New York Knicks,NYK,True,NYK
2013,NBA,Oklahoma City Thunder,OKC,True,OKC
2013,NBA,Orlando Magic,ORL,False,ORL
2013,NBA,Philadelphia 76ers,PHI,False,PHI
2013,NBA,Phoenix Suns,PHO,False,PHO
2013,NBA,Portland Trail Blazers,POR,False,POR
2013,NBA,Sacramento Kings,SAC,False,SAC
2013,NBA,San Antonio Spurs,SAS,True,SAS
2013,NBA,Toronto Raptors,TOR,False,TOR
2013,NBA,Utah Jazz,UTA,False,UTA
2013,NBA,Washington Wizards,WAS,False,WAS
2012,NBA,Atlanta Hawks,ATL,True,ATL
2012,NBA,Boston Celtics,BOS,True,BOS
2012,NBA,Charlotte Bobcats,CHA,False,CHA
2012,NBA,Chicago Bulls,CHI,True,CHI
2012,NBA,Cleveland Cavaliers,CLE,False,CLE
2012,NBA,Dallas Mavericks,DAL,True,DAL
2012,NBA,Denver Nuggets,DEN,True,DEN
2012,NBA,Detroit Pistons,DET,False,DET
2012,NBA,Golden State Warriors,GSW,False,GSW
2012,NBA,Houston Rockets,HOU,False,HOU
2012,NBA,Indiana Pacers,IND,True,IND
2012,NBA,Los Angeles Clippers,LAC,True,LAC
2012,NBA,Los Angeles Lakers,LAL,True,LAL
2012,NBA,Memphis Grizzlies,MEM,True,MEM
2012,NBA,Miami Heat,MIA,True,MIA
2012,NBA,Milwaukee Bucks,MIL,False,MIL
2012,NBA,Minnesota Timberwolves,MIN,False,MIN
2012,NBA,New Jersey Nets,NJN,False,BRK
2012,NBA,New Orleans Hornets,NOH,False,NOH
2012,NBA,New York Knicks,NYK,True,NYK
2012,NBA,Oklahoma City Thunder,OKC,True,OKC
2012,NBA,Orlando Magic,ORL,True,ORL
2012,NBA,Philadelphia 76ers,PHI,True,PHI
2012,NBA,Phoenix Suns,PHO,False,PHO
2012,NBA,Portland Trail Blazers,POR,False,POR
2012,NBA,Sacramento Kings,SAC,False,SAC
2012,NBA,San Antonio Spurs,SAS,True,SAS
2012,NBA,Toronto Raptors,TOR,False,TOR
2012,NBA,Utah Jazz,UTA,True,UTA
2012,NBA,Washington Wizards,WAS,False,WAS
2011,NBA,Atlanta Hawks,ATL,True,ATL
2011,NBA,Boston Celtics,BOS,True,BOS
2011,NBA,Charlotte Bobcats,CHA,False,CHA
2011,NBA,Chicago Bulls,CHI,True,CHI
2011,NBA,Cleveland Cavaliers,CLE,False,CLE
2011,NBA,Dallas Mavericks,DAL,True,DAL
2011,NBA,Denver Nuggets,DEN,True,DEN
2011,NBA,Detroit Pistons,DET,False,DET
2011,NBA,Golden State Warriors,GSW,False,GSW
2011,NBA,Houston Rockets,HOU,False,HOU
2011,NBA,Indiana Pacers,IND,True,IND
2011,NBA,Los Angeles Clippers,LAC,False,LAC
2011,NBA,Los Angeles Lakers,LAL,True,LAL
2011,NBA,Memphis Grizzlies,MEM,True,MEM
2011,NBA,Miami Heat,MIA,True,MIA
2011,NBA,Milwaukee Bucks,MIL,False,MIL
2011,NBA,Minnesota Timberwolves,MIN,False,MIN
2011,NBA,New Jersey Nets,NJN,False,BRK
2011,NBA,New Orleans Hornets,NOH,True,NOH
2011,NBA,New York Knicks,NYK,True,NYK
2011,NBA,Oklahoma City Thunder,OKC,True,OKC
2011,NBA,Orlando Magic,ORL,True,ORL
2011,NBA,Philadelphia 76ers,PHI,True,PHI
2011,NBA,Phoenix Suns,PHO,False,PHO
2011,NBA,Portland Trail Blazers,POR,True,POR
2011,NBA,Sacramento Kings,SAC,False,SAC
2011,NBA,San Antonio Spurs,SAS,True,SAS
2011,NBA,Toronto Raptors,TOR,False,TOR
2011,NBA,Utah Jazz,UTA,False,UTA
2011,NBA,Washington Wizards,WAS,False,WAS
2010,NBA,Atlanta Hawks,ATL,True,ATL
2010,NBA,Boston Celtics,BOS,True,BOS
2010,NBA,Charlotte Bobcats,CHA,True,CHA
2010,NBA,Chicago Bulls,CHI,True,CHI
2010,NBA,Cleveland Cavaliers,CLE,True,CLE
2010,NBA,Dallas Mavericks,DAL,True,DAL
2010,NBA,Denver Nuggets,DEN,True,DEN
2010,NBA,Detroit Pistons,DET,False,DET
2010,NBA,Golden State Warriors,GSW,False,GSW
2010,NBA,Houston Rockets,HOU,False,HOU
2010,NBA,Indiana Pacers,IND,False,IND
2010,NBA,Los Angeles Clippers,LAC,False,LAC
2010,NBA,Los Angeles Lakers,LAL,True,LAL
2010,NBA,Memphis Grizzlies,MEM,False,MEM
2010,NBA,Miami Heat,MIA,True,MIA
2010,NBA,Milwaukee Bucks,MIL,True,MIL
2010,NBA,Minnesota Timberwolves,MIN,False,MIN
2010,NBA,New Jersey Nets,NJN,False,BRK
2010,NBA,New Orleans Hornets,NOH,False,NOH
2010,NBA,New York Knicks,NYK,False,NYK
2010,NBA,Oklahoma City Thunder,OKC,True,OKC
2010,NBA,Orlando Magic,ORL,True,ORL
2010,NBA,Philadelphia 76ers,PHI,False,PHI
2010,NBA,Phoenix Suns,PHO,True,PHO
2010,NBA,Portland Trail Blazers,POR,True,POR
2010,NBA,Sacramento Kings,SAC,False,SAC
2010,NBA,San Antonio Spurs,SAS,True,SAS
2010,NBA,Toronto Raptors,TOR,False,TOR
2010,NBA,Utah Jazz,UTA,True,UTA
2010,NBA,Washington Wizards,WAS,False,WAS
2009,NBA,Atlanta Hawks,ATL,True,ATL
2009,NBA,Boston Celtics,BOS,True,BOS
2009,NBA,Charlotte Bobcats,CHA,False,CHA
2009,NBA,Chicago Bulls,CHI,True,CHI
2009,NBA,Cleveland Cavaliers,CLE,True,CLE
2009,NBA,Dallas Mavericks,DAL,True,DAL
2009,NBA,Denver Nuggets,DEN,True,DEN
2009,NBA,Detroit Pistons,DET,True,DET
2009,NBA,Golden State Warriors,GSW,False,GSW
2009,NBA,Houston Rockets,HOU,True,HOU
2009,NBA,Indiana Pacers,IND,False,IND
2009,NBA,Los Angeles Clippers,LAC,False,LAC
2009,NBA,Los Angeles Lakers,LAL,True,LAL
2009,NBA,Memphis Grizzlies,MEM,False,MEM
2009,NBA,Miami Heat,MIA,True,MIA
2009,NBA,Milwaukee Bucks,MIL,False,MIL
2009,NBA,Minnesota Timberwolves,MIN,False,MIN
2009,NBA,New Jersey Nets,NJN,False,BRK
2009,NBA,New Orleans Hornets,NOH,True,NOH
2009,NBA,New York Knicks,NYK,False,NYK
2009,NBA,Oklahoma City Thunder,OKC,False,OKC
2009,NBA,Orlando Magic,ORL,True,ORL
2009,NBA,Philadelphia 76ers,PHI,True,PHI
2009,NBA,Phoenix Suns,PHO,False,PHO
2009,NBA,Portland Trail Blazers,POR,True,POR
2009,NBA,Sacramento Kings,SAC,False,SAC
2009,NBA,San Antonio Spurs,SAS,True,SAS
2009,NBA,Toronto Raptors,TOR,False,TOR
2009,NBA,Utah Jazz,UTA,True,UTA
2009,NBA,Washington Wizards,WAS,False,WAS
2008,NBA,Atlanta Hawks,ATL,True,ATL
2008,NBA,Boston Celtics,BOS,True,BOS
2008,NBA,Charlotte Bobcats,CHA,False,CHA
2008,NBA,Chicago Bulls,CHI,False,CHI
2008,NBA,Cleveland Cavaliers,CLE,True,CLE
2008,NBA,Dallas Mavericks,DAL,True,DAL
2008,NBA,Denver Nuggets,DEN,True,DEN
2008,NBA,Detroit Pistons,DET,True,DET
2008,NBA,Golden State Warriors,GSW,False,GSW
2008,NBA,Houston Rockets,HOU,True,HOU
2008,NBA,Indiana Pacers,IND,False,IND
2008,NBA,Los Angeles Clippers,LAC,False,LAC
2008,NBA,Los Angeles Lakers,LAL,True,LAL
2008,NBA,Memphis Grizzlies,MEM,False,MEM
2008,NBA,Miami Heat,MIA,False,MIA
2008,NBA,Milwaukee Bucks,MIL,False,MIL
2008,NBA,Minnesota Timberwolves,MIN,False,MIN
2008,NBA,New Jersey Nets,NJN,False,BRK
2008,NBA,New Orleans Hornets,NOH,True,NOH
2008,NBA,New York Knicks,NYK,False,NYK
2008,NBA,Orlando Magic,ORL,True,ORL
2008,NBA,Philadelphia 76ers,PHI,True,PHI
2008,NBA,Phoenix Suns,PHO,True,PHO
2008,NBA,Portland Trail Blazers,POR,False,POR
2008,NBA,Sacramento Kings,SAC,False,SAC
2008,NBA,San Antonio Spurs,SAS,True,SAS
2008,NBA,Seattle SuperSonics,SEA,False,SEA
2008,NBA,Toronto Raptors,TOR,True,TOR
2008,NBA,Utah Jazz,UTA,True,UTA
2008,NBA,Washington Wizards,WAS,True,WAS
2007,NBA,Atlanta Hawks,ATL,False,ATL
2007,NBA,Boston Celtics,BOS,False,BOS
2007,NBA,Charlotte Bobcats,CHA,False,CHA
2007,NBA,Chicago Bulls,CHI,True,CHI
2007,NBA,Cleveland Cavaliers,CLE,True,CLE
2007,NBA,Dallas Mavericks,DAL,True,DAL
2007,NBA,Denver Nuggets,DEN,True,DEN
2007,NBA,Detroit Pistons,DET,True,DET
2007,NBA,Golden State Warriors,GSW,True,GSW
2007,NBA,Houston Rockets,HOU,True,HOU
2007,NBA,Indiana Pacers,IND,False,IND
2007,NBA,Los Angeles Clippers,LAC,False,LAC
2007,NBA,Los Angeles Lakers,LAL,True,LAL
2007,NBA,Memphis Grizzlies,MEM,False,MEM
2007,NBA,Miami Heat,MIA,True,MIA
2007,NBA,Milwaukee Bucks,MIL,False,MIL
2007,NBA,Minnesota Timberwolves,MIN,False,MIN
2007,NBA,New Jersey Nets,NJN,True,BRK
2007,NBA,New Orleans/Oklahoma City Hornets,NOK,False,NOK
2007,NBA,New York Knicks,NYK,False,NYK
2007,NBA,Orlando Magic,ORL,True,ORL
2007,NBA,Philadelphia 76ers,PHI,False,PHI
2007,NBA,Phoenix Suns,PHO,True,PHO
2007,NBA,Portland Trail Blazers,POR,False,POR
2007,NBA,Sacramento Kings,SAC,False,SAC
2007,NBA,San Antonio Spurs,SAS,True,SAS
2007,NBA,Seattle SuperSonics,SEA,False,SEA
2007,NBA,Toronto Raptors,TOR,True,TOR
2007,NBA,Utah Jazz,UTA,True,UTA
2007,NBA,Washington Wizards,WAS,True,WAS
2006,NBA,Atlanta Hawks,ATL,False,ATL
2006,NBA,Boston Celtics,BOS,False,BOS
2006,NBA,Charlotte Bobcats,CHA,False,CHA
2006,NBA,Chicago Bulls,CHI,True,CHI
2006,NBA,Cleveland Cavaliers,CLE,True,CLE
2006,NBA,Dallas Mavericks,DAL,True,DAL
2006,NBA,Denver Nuggets,DEN,True,DEN
2006,NBA,Detroit Pistons,DET,True,DET
2006,NBA,Golden State Warriors,GSW,False,GSW
2006,NBA,Houston Rockets,HOU,False,HOU
2006,NBA,Indiana Pacers,IND,True,IND
2006,NBA,Los Angeles Clippers,LAC,True,LAC
2006,NBA,Los Angeles Lakers,LAL,True,LAL
2006,NBA,Memphis Grizzlies,MEM,True,MEM
2006,NBA,Miami Heat,MIA,True,MIA
2006,NBA,Milwaukee Bucks,MIL,True,MIL
2006,NBA,Minnesota Timberwolves,MIN,False,MIN
2006,NBA,New Jersey Nets,NJN,True,BRK
2006,NBA,New Orleans/Oklahoma City Hornets,NOK,False,NOK
2006,NBA,New York Knicks,NYK,False,NYK
2006,NBA,Orlando Magic,ORL,False,ORL
2006,NBA,Philadelphia 76ers,PHI,False,PHI
2006,NBA,Phoenix Suns,PHO,True,PHO
2006,NBA,Portland Trail Blazers,POR,False,POR
2006,NBA,Sacramento Kings,SAC,True,SAC
2006,NBA,San Antonio Spurs,SAS,True,SAS
2006,NBA,Seattle SuperSonics,SEA,False,SEA
2006,NBA,Toronto Raptors,TOR,False,TOR
2006,NBA,Utah Jazz,UTA,False,UTA
2006,NBA,Washington Wizards,WAS,True,WAS
2005,NBA,Atlanta Hawks,ATL,False,ATL
2005,NBA,Boston Celtics,BOS,True,BOS
2005,NBA,Charlotte Bobcats,CHA,False,CHA
2005,NBA,Chicago Bulls,CHI,True,CHI
2005,NBA,Cleveland Cavaliers,CLE,False,CLE
2005,NBA,Dallas Mavericks,DAL,True,DAL
2005,NBA,Denver Nuggets,DEN,True,DEN
2005,NBA,Detroit Pistons,DET,True,DET
2005,NBA,Golden State Warriors,GSW,False,GSW
2005,NBA,Houston Rockets,HOU,True,HOU
2005,NBA,Indiana Pacers,IND,True,IND
2005,NBA,Los Angeles Clippers,LAC,False,LAC
2005,NBA,Los Angeles Lakers,LAL,False,LAL
2005,NBA,Memphis Grizzlies,MEM,True,MEM
2005,NBA,Miami Heat,MIA,True,MIA
2005,NBA,Milwaukee Bucks,MIL,False,MIL
2005,NBA,Minnesota Timberwolves,MIN,False,MIN
2005,NBA,New Jersey Nets,NJN,True,BRK
2005,NBA,New Orleans Hornets,NOH,False,NOH
2005,NBA,New York Knicks,NYK,False,NYK
2005,NBA,Orlando Magic,ORL,False,ORL
2005,NBA,Philadelphia 76ers,PHI,True,PHI
2005,NBA,Phoenix Suns,PHO,True,PHO
2005,NBA,Portland Trail Blazers,POR,False,POR
2005,NBA,Sacramento Kings,SAC,True,SAC
2005,NBA,San Antonio Spurs,SAS,True,SAS
2005,NBA,Seattle SuperSonics,SEA,True,SEA
2005,NBA,Toronto Raptors,TOR,False,TOR
2005,NBA,Utah Jazz,UTA,False,UTA
2005,NBA,Washington Wizards,WAS,True,WAS
2004,NBA,Atlanta Hawks,ATL,False,ATL
2004,NBA,Boston Celtics,BOS,True,BOS
2004,NBA,Chicago Bulls,CHI,False,CHI
2004,NBA,Cleveland Cavaliers,CLE,False,CLE
2004,NBA,Dallas Mavericks,DAL,True,DAL
2004,NBA,Denver Nuggets,DEN,True,DEN
2004,NBA,Detroit Pistons,DET,True,DET
2004,NBA,Golden State Warriors,GSW,False,GSW
2004,NBA,Houston Rockets,HOU,True,HOU
2004,NBA,Indiana Pacers,IND,True,IND
2004,NBA,Los Angeles Clippers,LAC,False,LAC
2004,NBA,Los Angeles Lakers,LAL,True,LAL
2004,NBA,Memphis Grizzlies,MEM,True,MEM
2004,NBA,Miami Heat,MIA,True,MIA
2004,NBA,Milwaukee Bucks,MIL,True,MIL
2004,NBA,Minnesota Timberwolves,MIN,True,MIN
2004,NBA,New Jersey Nets,NJN,True,BRK
2004,NBA,New Orleans Hornets,NOH,True,NOH
2004,NBA,New York Knicks,NYK,True,NYK
2004,NBA,Orlando Magic,ORL,False,ORL
2004,NBA,Philadelphia 76ers,PHI,False,PHI
2004,NBA,Phoenix Suns,PHO,False,PHO
2004,NBA,Portland Trail Blazers,POR,False,POR
2004,NBA,Sacramento Kings,SAC,True,SAC
2004,NBA,San Antonio Spurs,SAS,True,SAS
2004,NBA,Seattle SuperSonics,SEA,False,SEA
2004,NBA,Toronto Raptors,TOR,False,TOR
2004,NBA,Utah Jazz,UTA,False,UTA
2004,NBA,Washington Wizards,WAS,False,WAS
2003,NBA,Atlanta Hawks,ATL,False,ATL
2003,NBA,Boston Celtics,BOS,True,BOS
2003,NBA,Chicago Bulls,CHI,False,CHI
2003,NBA,Cleveland Cavaliers,CLE,False,CLE
2003,NBA,Dallas Mavericks,DAL,True,DAL
2003,NBA,Denver Nuggets,DEN,False,DEN
2003,NBA,Detroit Pistons,DET,True,DET
2003,NBA,Golden State Warriors,GSW,False,GSW
2003,NBA,Houston Rockets,HOU,False,HOU
2003,NBA,Indiana Pacers,IND,True,IND
2003,NBA,Los Angeles Clippers,LAC,False,LAC
2003,NBA,Los Angeles Lakers,LAL,True,LAL
2003,NBA,Memphis Grizzlies,MEM,False,MEM
2003,NBA,Miami Heat,MIA,False,MIA
2003,NBA,Milwaukee Bucks,MIL,True,MIL
2003,NBA,Minnesota Timberwolves,MIN,True,MIN
2003,NBA,New Jersey Nets,NJN,True,BRK
2003,NBA,New Orleans Hornets,NOH,True,NOH
2003,NBA,New York Knicks,NYK,False,NYK
2003,NBA,Orlando Magic,ORL,True,ORL
2003,NBA,Philadelphia 76ers,PHI,True,PHI
2003,NBA,Phoenix Suns,PHO,True,PHO
2003,NBA,Portland Trail Blazers,POR,True,POR
2003,NBA,Sacramento Kings,SAC,True,SAC
2003,NBA,San Antonio Spurs,SAS,True,SAS
2003,NBA,Seattle SuperSonics,SEA,False,SEA
2003,NBA,Toronto Raptors,TOR,False,TOR
2003,NBA,Utah Jazz,UTA,True,UTA
2003,NBA,Washington Wizards,WAS,False,WAS
2002,NBA,Atlanta Hawks,ATL,False,ATL
2002,NBA,Boston Celtics,BOS,True,BOS
2002,NBA,Charlotte Hornets,CHH,True,CHA
2002,NBA,Chicago Bulls,CHI,False,CHI
2002,NBA,Cleveland Cavaliers,CLE,False,CLE
2002,NBA,Dallas Mavericks,DAL,True,DAL
2002,NBA,Denver Nuggets,DEN,False,DEN
2002,NBA,Detroit Pistons,DET,True,DET
2002,NBA,Golden State Warriors,GSW,False,GSW
2002,NBA,Houston Rockets,HOU,False,HOU
2002,NBA,Indiana Pacers,IND,True,IND
2002,NBA,Los Angeles Clippers,LAC,False,LAC
2002,NBA,Los Angeles Lakers,LAL,True,LAL
2002,NBA,Memphis Grizzlies,MEM,False,MEM
2002,NBA,Miami Heat,MIA,False,MIA
2002,NBA,Milwaukee Bucks,MIL,False,MIL
2002,NBA,Minnesota Timberwolves,MIN,True,MIN
2002,NBA,New Jersey Nets,NJN,True,BRK
2002,NBA,New York Knicks,NYK,False,NYK
2002,NBA,Orlando Magic,ORL,True,ORL
2002,NBA,Philadelphia 76ers,PHI,True,PHI
2002,NBA,Phoenix Suns,PHO,False,PHO
2002,NBA,Portland Trail Blazers,POR,True,POR
2002,NBA,Sacramento Kings,SAC,True,SAC
2002,NBA,San Antonio Spurs,SAS,True,SAS
2002,NBA,Seattle SuperSonics,SEA,True,SEA
2002,NBA,Toronto Raptors,TOR,True,TOR
2002,NBA,Utah Jazz,UTA,True,UTA
2002,NBA,Washington Wizards,WAS,False,WAS
2001,NBA,Atlanta Hawks,ATL,False,ATL
2001,NBA,Boston Celtics,BOS,False,BOS
2001,NBA,Charlotte Hornets,CHH,True,CHA
2001,NBA,Chicago Bulls,CHI,False,CHI
2001,NBA,Cleveland Cavaliers,CLE,False,CLE
2001,NBA,Dallas Mavericks,DAL,True,DAL
2001,NBA,Denver Nuggets,DEN,False,DEN
2001,NBA,Detroit Pistons,DET,False,DET
2001,NBA,Golden State Warriors,GSW,False,GSW
2001,NBA,Houston Rockets,HOU,False,HOU
2001,NBA,Indiana Pacers,IND,True,IND
2001,NBA,Los Angeles Clippers,LAC,False,LAC
2001,NBA,Los Angeles Lakers,LAL,True,LAL
2001,NBA,Miami Heat,MIA,True,MIA
2001,NBA,Milwaukee Bucks,MIL,True,MIL
2001,NBA,Minnesota Timberwolves,MIN,True,MIN
2001,NBA,New Jersey Nets,NJN,False,BRK
2001,NBA,New York Knicks,NYK,True,NYK
2001,NBA,Orlando Magic,ORL,True,ORL
2001,NBA,Philadelphia 76ers,PHI,True,PHI
2001,NBA,Phoenix Suns,PHO,True,PHO
2001,NBA,Portland Trail Blazers,POR,True,POR
2001,NBA,Sacramento Kings,SAC,True,SAC
2001,NBA,San Antonio Spurs,SAS,True,SAS
2001,NBA,Seattle SuperSonics,SEA,False,SEA
2001,NBA,Toronto Raptors,TOR,True,TOR
2001,NBA,Utah Jazz,UTA,True,UTA
2001,NBA,Vancouver Grizzlies,VAN,False,VAN
2001,NBA,Washington Wizards,WAS,False,WAS
2000,NBA,Atlanta Hawks,ATL,False,ATL
2000,NBA,Boston Celtics,BOS,False,BOS
2000,NBA,Charlotte Hornets,CHH,True,CHA
2000,NBA,Chicago Bulls,CHI,False,CHI
2000,NBA,Cleveland Cavaliers,CLE,False,CLE
2000,NBA,Dallas Mavericks,DAL,False,DAL
2000,NBA,Denver Nuggets,DEN,False,DEN
2000,NBA,Detroit Pistons,DET,True,DET
2000,NBA,Golden State Warriors,GSW,False,GSW
2000,NBA,Houston Rockets,HOU,False,HOU
2000,NBA,Indiana Pacers,IND,True,IND
2000,NBA,Los Angeles Clippers,LAC,False,LAC
2000,NBA,Los Angeles Lakers,LAL,True,LAL
2000,NBA,Miami Heat,MIA,True,MIA
2000,NBA,Milwaukee Bucks,MIL,True,MIL
2000,NBA,Minnesota Timberwolves,MIN,True,MIN
2000,NBA,New Jersey Nets,NJN,False,BRK
2000,NBA,New York Knicks,NYK,True,NYK
2000,NBA,Orlando Magic,ORL,False,ORL
2000,NBA,Philadelphia 76ers,PHI,True,PHI
2000,NBA,Phoenix Suns,PHO,True,PHO
2000,NBA,Portland Trail Blazers,POR,True,POR
2000,NBA,Sacramento Kings,SAC,True,SAC
2000,NBA,San Antonio Spurs,SAS,True,SAS
2000,NBA,Seattle SuperSonics,SEA,True,SEA
2000,NBA,Toronto Raptors,TOR,True,TOR
2000,NBA,Utah Jazz,UTA,True,UTA
2000,NBA,Vancouver Grizzlies,VAN,False,VAN
2000,NBA,Washington Wizards,WAS,False,WAS
1999,NBA,Atlanta Hawks,ATL,True,ATL
1999,NBA,Boston Celtics,BOS,False,BOS
1999,NBA,Charlotte Hornets,CHH,False,CHA
1999,NBA,Chicago Bulls,CHI,False,CHI
1999,NBA,Cleveland Cavaliers,CLE,False,CLE
1999,NBA,Dallas Mavericks,DAL,False,DAL
1999,NBA,Denver Nuggets,DEN,False,DEN
1999,NBA,Detroit Pistons,DET,True,DET
1999,NBA,Golden State Warriors,GSW,False,GSW
1999,NBA,Houston Rockets,HOU,True,HOU
1999,NBA,Indiana Pacers,IND,True,IND
1999,NBA,Los Angeles Clippers,LAC,False,LAC
1999,NBA,Los Angeles Lakers,LAL,True,LAL
1999,NBA,Miami Heat,MIA,True,MIA
1999,NBA,Milwaukee Bucks,MIL,True,MIL
1999,NBA,Minnesota Timberwolves,MIN,True,MIN
1999,NBA,New Jersey Nets,NJN,False,BRK
1999,NBA,New York Knicks,NYK,True,NYK
1999,NBA,Orlando Magic,ORL,True,ORL
1999,NBA,Philadelphia 76ers,PHI,True,PHI
1999,NBA,Phoenix Suns,PHO,True,PHO
1999,NBA,Portland Trail Blazers,POR,True,POR
1999,NBA,Sacramento Kings,SAC,True,SAC
1999,NBA,San Antonio Spurs,SAS,True,SAS
1999,NBA,Seattle SuperSonics,SEA,False,SEA
1999,NBA,Toronto Raptors,TOR,False,TOR
1999,NBA,Utah Jazz,UTA,True,UTA
1999,NBA,Vancouver Grizzlies,VAN,False,VAN
1999,NBA,Washington Wizards,WAS,False,WAS
1998,NBA,Atlanta Hawks,ATL,True,ATL
1998,NBA,Boston Celtics,BOS,False,BOS
1998,NBA,Charlotte Hornets,CHH,True,CHA
1998,NBA,Chicago Bulls,CHI,True,CHI
1998,NBA,Cleveland Cavaliers,CLE,True,CLE
1998,NBA,Dallas Mavericks,DAL,False,DAL
1998,NBA,Denver Nuggets,DEN,False,DEN
1998,NBA,Detroit Pistons,DET,False,DET
1998,NBA,Golden State Warriors,GSW,False,GSW
1998,NBA,Houston Rockets,HOU,True,HOU
1998,NBA,Indiana Pacers,IND,True,IND
1998,NBA,Los Angeles Clippers,LAC,False,LAC
1998,NBA,Los Angeles Lakers,LAL,True,LAL
1998,NBA,Miami Heat,MIA,True,MIA
1998,NBA,Milwaukee Bucks,MIL,False,MIL
1998,NBA,Minnesota Timberwolves,MIN,True,MIN
1998,NBA,New Jersey Nets,NJN,True,BRK
1998,NBA,New York Knicks,NYK,True,NYK
1998,NBA,Orlando Magic,ORL,False,ORL
1998,NBA,Philadelphia 76ers,PHI,False,PHI
1998,NBA,Phoenix Suns,PHO,True,PHO
1998,NBA,Portland Trail Blazers,POR,True,POR
1998,NBA,Sacramento Kings,SAC,False,SAC
1998,NBA,San Antonio Spurs,SAS,True,SAS
1998,NBA,Seattle SuperSonics,SEA,True,SEA
1998,NBA,Toronto Raptors,TOR,False,TOR
1998,NBA,Utah Jazz,UTA,True,UTA
1998,NBA,Vancouver Grizzlies,VAN,False,VAN
1998,NBA,Washington Wizards,WAS,False,WAS
1997,NBA,Atlanta Hawks,ATL,True,ATL
1997,NBA,Boston Celtics,BOS,False,BOS
1997,NBA,Charlotte Hornets,CHH,True,CHA
1997,NBA,Chicago Bulls,CHI,True,CHI
1997,NBA,Cleveland Cavaliers,CLE,False,CLE
1997,NBA,Dallas Mavericks,DAL,False,DAL
1997,NBA,Denver Nuggets,DEN,False,DEN
1997,NBA,Detroit Pistons,DET,True,DET
1997,NBA,Golden State Warriors,GSW,False,GSW
1997,NBA,Houston Rockets,HOU,True,HOU
1997,NBA,Indiana Pacers,IND,False,IND
1997,NBA,Los Angeles Clippers,LAC,True,LAC
1997,NBA,Los Angeles Lakers,LAL,True,LAL
1997,NBA,Miami Heat,MIA,True,MIA
1997,NBA,Milwaukee Bucks,MIL,False,MIL
1997,NBA,Minnesota Timberwolves,MIN,True,MIN
1997,NBA,New Jersey Nets,NJN,False,BRK
1997,NBA,New York Knicks,NYK,True,NYK
1997,NBA,Orlando Magic,ORL,True,ORL
1997,NBA,Philadelphia 76ers,PHI,False,PHI
1997,NBA,Phoenix Suns,PHO,True,PHO
1997,NBA,Portland Trail Blazers,POR,True,POR
1997,NBA,Sacramento Kings,SAC,False,SAC
1997,NBA,San Antonio Spurs,SAS,False,SAS
1997,NBA,Seattle SuperSonics,SEA,True,SEA
1997,NBA,Toronto Raptors,TOR,False,TOR
1997,NBA,Utah Jazz,UTA,True,UTA
1997,NBA,Vancouver Grizzlies,VAN,False,VAN
1997,NBA,Washington Bullets,WSB,True,WSB
1996,NBA,Atlanta Hawks,ATL,True,ATL
1996,NBA,Boston Celtics,BOS,False,BOS
1996,NBA,Charlotte Hornets,CHH,False,CHA
1996,NBA,Chicago Bulls,CHI,True,CHI
1996,NBA,Cleveland Cavaliers,CLE,True,CLE
1996,NBA,Dallas Mavericks,DAL,False,DAL
1996,NBA,Denver Nuggets,DEN,False,DEN
1996,NBA,Detroit Pistons,DET,True,DET
1996,NBA,Golden State Warriors,GSW,False,GSW
1996,NBA,Houston Rockets,HOU,True,HOU
1996,NBA,Indiana Pacers,IND,True,IND
1996,NBA,Los Angeles Clippers,LAC,False,LAC
1996,NBA,Los Angeles Lakers,LAL,True,LAL
1996,NBA,Miami Heat,MIA,True,MIA
1996,NBA,Milwaukee Bucks,MIL,False,MIL
1996,NBA,Minnesota Timberwolves,MIN,False,MIN
1996,NBA,New Jersey Nets,NJN,False,BRK
1996,NBA,New York Knicks,NYK,True,NYK
1996,NBA,Orlando Magic,ORL,True,ORL
1996,NBA,Philadelphia 76ers,PHI,False,PHI
1996,NBA,Phoenix Suns,PHO,True,PHO
1996,NBA,Portland Trail Blazers,POR,True,POR
1996,NBA,Sacramento Kings,SAC,True,SAC
1996,NBA,San Antonio Spurs,SAS,True,SAS
1996,NBA,Seattle SuperSonics,SEA,True,SEA
1996,NBA,Toronto Raptors,TOR,False,TOR
1996,NBA,Utah Jazz,UTA,True,UTA
1996,NBA,Vancouver Grizzlies,VAN,False,VAN
1996,NBA,Washington Bullets,WSB,False,WSB
1995,NBA,Atlanta Hawks,ATL,True,ATL
1995,NBA,Boston Celtics,BOS,True,BOS
1995,NBA,Charlotte Hornets,CHH,True,CHA
1995,NBA,Chicago Bulls,CHI,True,CHI
1995,NBA,Cleveland Cavaliers,CLE,True,CLE
1995,NBA,Dallas Mavericks,DAL,False,DAL
1995,NBA,Denver Nuggets,DEN,True,DEN
1995,NBA,Detroit Pistons,DET,False,DET
1995,NBA,Golden State Warriors,GSW,False,GSW
1995,NBA,Houston Rockets,HOU,True,HOU
1995,NBA,Indiana Pacers,IND,True,IND
1995,NBA,Los Angeles Clippers,LAC,False,LAC
1995,NBA,Los Angeles Lakers,LAL,True,LAL
1995,NBA,Miami Heat,MIA,False,MIA
1995,NBA,Milwaukee Bucks,MIL,False,MIL
1995,NBA,Minnesota Timberwolves,MIN,False,MIN
1995,NBA,New Jersey Nets,NJN,False,BRK
1995,NBA,New York Knicks,NYK,True,NYK
1995,NBA,Orlando Magic,ORL,True,ORL
1995,NBA,Philadelphia 76ers,PHI,False,PHI
1995,NBA,Phoenix Suns,PHO,True,PHO
1995,NBA,Portland Trail Blazers,POR,True,POR
1995,NBA,Sacramento Kings,SAC,False,SAC
1995,NBA,San Antonio Spurs,SAS,True,SAS
1995,NBA,Seattle SuperSonics,SEA,True,SEA
1995,NBA,Utah Jazz,UTA,True,UTA
1995,NBA,Washington Bullets,WSB,False,WSB
1994,NBA,Atlanta Hawks,ATL,True,ATL
1994,NBA,Boston Celtics,BOS,False,BOS
1994,NBA,Charlotte Hornets,CHH,False,CHA
1994,NBA,Chicago Bulls,CHI,True,CHI
1994,NBA,Cleveland Cavaliers,CLE,True,CLE
1994,NBA,Dallas Mavericks,DAL,False,DAL
1994,NBA,Denver Nuggets,DEN,True,DEN
1994,NBA,Detroit Pistons,DET,False,DET
1994,NBA,Golden State Warriors,GSW,True,GSW
1994,NBA,Houston Rockets,HOU,True,HOU
1994,NBA,Indiana Pacers,IND,True,IND
1994,NBA,Los Angeles Clippers,LAC,False,LAC
1994,NBA,Los Angeles Lakers,LAL,False,LAL
1994,NBA,Miami Heat,MIA,True,MIA
1994,NBA,Milwaukee Bucks,MIL,False,MIL
1994,NBA,Minnesota Timberwolves,MIN,False,MIN
1994,NBA,New Jersey Nets,NJN,True,BRK
1994,NBA,New York Knicks,NYK,True,NYK
1994,NBA,Orlando Magic,ORL,True,ORL
1994,NBA,Philadelphia 76ers,PHI,False,PHI
1994,NBA,Phoenix Suns,PHO,True,PHO
1994,NBA,Portland Trail Blazers,POR,True,POR
1994,NBA,Sacramento Kings,SAC,False,SAC
1994,NBA,San Antonio Spurs,SAS,True,SAS
1994,NBA,Seattle SuperSonics,SEA,True,SEA
1994,NBA,Utah Jazz,UTA,True,UTA
1994,NBA,Washington Bullets,WSB,False,WSB
1993,NBA,Atlanta Hawks,ATL,True,ATL
1993,NBA,Boston Celtics,BOS,True,BOS
1993,NBA,Charlotte Hornets,CHH,True,CHA
1993,NBA,Chicago Bulls,CHI,True,CHI
1993,NBA,Cleveland Cavaliers,CLE,True,CLE
1993,NBA,Dallas Mavericks,DAL,False,DAL
1993,NBA,Denver Nuggets,DEN,False,DEN
1993,NBA,Detroit Pistons,DET,False,DET
1993,NBA,Golden State Warriors,GSW,False,GSW
1993,NBA,Houston Rockets,HOU,True,HOU
1993,NBA,Indiana Pacers,IND,True,IND
1993,NBA,Los Angeles Clippers,LAC,True,LAC
1993,NBA,Los Angeles Lakers,LAL,True,LAL
1993,NBA,Miami Heat,MIA,False,MIA
1993,NBA,Milwaukee Bucks,MIL,False,MIL
1993,NBA,Minnesota Timberwolves,MIN,False,MIN
1993,NBA,New Jersey Nets,NJN,True,BRK
1993,NBA,New York Knicks,NYK,True,NYK
1993,NBA,Orlando Magic,ORL,False,ORL
1993,NBA,Philadelphia 76ers,PHI,False,PHI
1993,NBA,Phoenix Suns,PHO,True,PHO
1993,NBA,Portland Trail Blazers,POR,True,POR
1993,NBA,Sacramento Kings,SAC,False,SAC
1993,NBA,San Antonio Spurs,SAS,True,SAS
1993,NBA,Seattle SuperSonics,SEA,True,SEA
1993,NBA,Utah Jazz,UTA,True,UTA
1993,NBA,Washington Bullets,WSB,False,WSB
1992,NBA,Atlanta Hawks,ATL,False,ATL
1992,NBA,Boston Celtics,BOS,True,BOS
1992,NBA,Charlotte Hornets,CHH,False,CHA
1992,NBA,Chicago Bulls,CHI,True,CHI
1992,NBA,Cleveland Cavaliers,CLE,True,CLE
1992,NBA,Dallas Mavericks,DAL,False,DAL
1992,NBA,Denver Nuggets,DEN,False,DEN
1992,NBA,Detroit Pistons,DET,True,DET
1992,NBA,Golden State Warriors,GSW,True,GSW
1992,NBA,Houston Rockets,HOU,False,HOU
1992,NBA,Indiana Pacers,IND,True,IND
1992,NBA,Los Angeles Clippers,LAC,True,LAC
1992,NBA,Los Angeles Lakers,LAL,True,LAL
1992,NBA,Miami Heat,MIA,True,MIA
1992,NBA,Milwaukee Bucks,MIL,False,MIL
1992,NBA,Minnesota Timberwolves,MIN,False,MIN
1992,NBA,New Jersey Nets,NJN,True,BRK
1992,NBA,New York Knicks,NYK,True,NYK
1992,NBA,Orlando Magic,ORL,False,ORL
1992,NBA,Philadelphia 76ers,PHI,False,PHI
1992,NBA,Phoenix Suns,PHO,True,PHO
1992,NBA,Portland Trail Blazers,POR,True,POR
1992,NBA,Sacramento Kings,SAC,False,SAC
1992,NBA,San Antonio Spurs,SAS,True,SAS
1992,NBA,Seattle SuperSonics,SEA,True,SEA
1992,NBA,Utah Jazz,UTA,True,UTA
1992,NBA,Washington Bullets,WSB,False,WSB
1991,NBA,Atlanta Hawks,ATL,True,ATL
1991,NBA,Boston Celtics,BOS,True,BOS
1991,NBA,Charlotte Hornets,CHH,False,CHA
1991,NBA,Chicago Bulls,CHI,True,CHI
1991,NBA,Cleveland Cavaliers,CLE,False,CLE
1991,NBA,Dallas Mavericks,DAL,False,DAL
1991,NBA,Denver Nuggets,DEN,False,DEN
1991,NBA,Detroit Pistons,DET,True,DET
1991,NBA,Golden State Warriors,GSW,True,GSW
1991,NBA,Houston Rockets,HOU,True,HOU
1991,NBA,Indiana Pacers,IND,True,IND
1991,NBA,Los Angeles Clippers,LAC,False,LAC
1991,NBA,Los Angeles Lakers,LAL,True,LAL
1991,NBA,Miami Heat,MIA,False,MIA
1991,NBA,Milwaukee Bucks,MIL,True,MIL
1991,NBA,Minnesota Timberwolves,MIN,False,MIN
1991,NBA,New Jersey Nets,NJN,False,BRK
1991,NBA,New York Knicks,NYK,True,NYK
1991,NBA,Orlando Magic,ORL,False,ORL
1991,NBA,Philadelphia 76ers,PHI,True,PHI
1991,NBA,Phoenix Suns,PHO,True,PHO
1991,NBA,Portland Trail Blazers,POR,True,POR
1991,NBA,Sacramento Kings,SAC,False,SAC
1991,NBA,San Antonio Spurs,SAS,True,SAS
1991,NBA,Seattle SuperSonics,SEA,True,SEA
1991,NBA,Utah Jazz,UTA,True,UTA
1991,NBA,Washington Bullets,WSB,False,WSB
1990,NBA,Atlanta Hawks,ATL,False,ATL
1990,NBA,Boston Celtics,BOS,True,BOS
1990,NBA,Charlotte Hornets,CHH,False,CHA
1990,NBA,Chicago Bulls,CHI,True,CHI
1990,NBA,Cleveland Cavaliers,CLE,True,CLE
1990,NBA,Dallas Mavericks,DAL,True,DAL
1990,NBA,Denver Nuggets,DEN,True,DEN
1990,NBA,Detroit Pistons,DET,True,DET
1990,NBA,Golden State Warriors,GSW,False,GSW
1990,NBA,Houston Rockets,HOU,True,HOU
1990,NBA,Indiana Pacers,IND,True,IND
1990,NBA,Los Angeles Clippers,LAC,False,LAC
1990,NBA,Los Angeles Lakers,LAL,True,LAL
1990,NBA,Miami Heat,MIA,False,MIA
1990,NBA,Milwaukee Bucks,MIL,True,MIL
1990,NBA,Minnesota Timberwolves,MIN,False,MIN
1990,NBA,New Jersey Nets,NJN,False,BRK
1990,NBA,New York Knicks,NYK,True,NYK
1990,NBA,Orlando Magic,ORL,False,ORL
1990,NBA,Philadelphia 76ers,PHI,True,PHI
1990,NBA,Phoenix Suns,PHO,True,PHO
1990,NBA,Portland Trail Blazers,POR,True,POR
1990,NBA,Sacramento Kings,SAC,False,SAC
1990,NBA,San Antonio Spurs,SAS,True,SAS
1990,NBA,Seattle SuperSonics,SEA,False,SEA
1990,NBA,Utah Jazz,UTA,True,UTA
1990,NBA,Washington Bullets,WSB,False,WSB
1989,NBA,Atlanta Hawks,ATL,True,ATL
1989,NBA,Boston Celtics,BOS,True,BOS
1989,NBA,Charlotte Hornets,CHH,False,CHA
1989,NBA,Chicago Bulls,CHI,True,CHI
1989,NBA,Cleveland Cavaliers,CLE,True,CLE
1989,NBA,Dallas Mavericks,DAL,False,DAL
1989,NBA,Denver Nuggets,DEN,True,DEN
1989,NBA,Detroit Pistons,DET,True,DET
1989,NBA,Golden State Warriors,GSW,True,GSW
1989,NBA,Houston Rockets,HOU,True,HOU
1989,NBA,Indiana Pacers,IND,False,IND
1989,NBA,Los Angeles Clippers,LAC,False,LAC
1989,NBA,Los Angeles Lakers,LAL,True,LAL
1989,NBA,Miami Heat,MIA,False,MIA
1989,NBA,Milwaukee Bucks,MIL,True,MIL
1989,NBA,New Jersey Nets,NJN,False,BRK
1989,NBA,New York Knicks,NYK,True,NYK
1989,NBA,Philadelphia 76ers,PHI,True,PHI
1989,NBA,Phoenix Suns,PHO,True,PHO
1989,NBA,Portland Trail Blazers,POR,True,POR
1989,NBA,Sacramento Kings,SAC,False,SAC
1989,NBA,San Antonio Spurs,SAS,False,SAS
1989,NBA,Seattle SuperSonics,SEA,True,SEA
1989,NBA,Utah Jazz,UTA,True,UTA
1989,NBA,Washington Bullets,WSB,False,WSB
1988,NBA,Atlanta Hawks,ATL,True,ATL
1988,NBA,Boston Celtics,BOS,True,BOS
1988,NBA,Chicago Bulls,CHI,True,CHI
1988,NBA,Cleveland Cavaliers,CLE,True,CLE
1988,NBA,Dallas Mavericks,DAL,True,DAL
1988,NBA,Denver Nuggets,DEN,True,DEN
1988,NBA,Detroit Pistons,DET,True,DET
1988,NBA,Golden State Warriors,GSW,False,GSW
1988,NBA,Houston Rockets,HOU,True,HOU
1988,NBA,Indiana Pacers,IND,False,IND
1988,NBA,Los Angeles Clippers,LAC,False,LAC
1988,NBA,Los Angeles Lakers,LAL,True,LAL
1988,NBA,Milwaukee Bucks,MIL,True,MIL
1988,NBA,New Jersey Nets,NJN,False,BRK
1988,NBA,New York Knicks,NYK,True,NYK
1988,NBA,Philadelphia 76ers,PHI,False,PHI
1988,NBA,Phoenix Suns,PHO,False,PHO
1988,NBA,Portland Trail Blazers,POR,True,POR
1988,NBA,Sacramento Kings,SAC,False,SAC
1988,NBA,San Antonio Spurs,SAS,True,SAS
1988,NBA,Seattle SuperSonics,SEA,True,SEA
1988,NBA,Utah Jazz,UTA,True,UTA
1988,NBA,Washington Bullets,WSB,True,WSB
1987,NBA,Atlanta Hawks,ATL,True,ATL
1987,NBA,Boston Celtics,BOS,True,BOS
1987,NBA,Chicago Bulls,CHI,True,CHI
1987,NBA,Cleveland Cavaliers,CLE,False,CLE
1987,NBA,Dallas Mavericks,DAL,True,DAL
1987,NBA,Denver Nuggets,DEN,True,DEN
1987,NBA,Detroit Pistons,DET,True,DET
1987,NBA,Golden State Warriors,GSW,True,GSW
1987,NBA,Houston Rockets,HOU,True,HOU
1987,NBA,Indiana Pacers,IND,True,IND
1987,NBA,Los Angeles Clippers,LAC,False,LAC
1987,NBA,Los Angeles Lakers,LAL,True,LAL
1987,NBA,Milwaukee Bucks,MIL,True,MIL
1987,NBA,New Jersey Nets,NJN,False,BRK
1987,NBA,New York Knicks,NYK,False,NYK
1987,NBA,Philadelphia 76ers,PHI,True,PHI
1987,NBA,Phoenix Suns,PHO,False,PHO
1987,NBA,Portland Trail Blazers,POR,True,POR
1987,NBA,Sacramento Kings,SAC,False,SAC
1987,NBA,San Antonio Spurs,SAS,False,SAS
1987,NBA,Seattle SuperSonics,SEA,True,SEA
1987,NBA,Utah Jazz,UTA,True,UTA
1987,NBA,Washington Bullets,WSB,True,WSB
1986,NBA,Atlanta Hawks,ATL,True,ATL
1986,NBA,Boston Celtics,BOS,True,BOS
1986,NBA,Chicago Bulls,CHI,True,CHI
1986,NBA,Cleveland Cavaliers,CLE,False,CLE
1986,NBA,Dallas Mavericks,DAL,True,DAL
1986,NBA,Denver Nuggets,DEN,True,DEN
1986,NBA,Detroit Pistons,DET,True,DET
1986,NBA,Golden State Warriors,GSW,False,GSW
1986,NBA,Houston Rockets,HOU,True,HOU
1986,NBA,Indiana Pacers,IND,False,IND
1986,NBA,Los Angeles Clippers,LAC,False,LAC
1986,NBA,Los Angeles Lakers,LAL,True,LAL
1986,NBA,Milwaukee Bucks,MIL,True,MIL
1986,NBA,New Jersey Nets,NJN,True,BRK
1986,NBA,New York Knicks,NYK,False,NYK
1986,NBA,Philadelphia 76ers,PHI,True,PHI
1986,NBA,Phoenix Suns,PHO,False,PHO
1986,NBA,Portland Trail Blazers,POR,True,POR
1986,NBA,Sacramento Kings,SAC,True,SAC
1986,NBA,San Antonio Spurs,SAS,True,SAS
1986,NBA,Seattle SuperSonics,SEA,False,SEA
1986,NBA,Utah Jazz,UTA,True,UTA
1986,NBA,Washington Bullets,WSB,True,WSB
1985,NBA,Atlanta Hawks,ATL,False,ATL
1985,NBA,Boston Celtics,BOS,True,BOS
1985,NBA,Chicago Bulls,CHI,True,CHI
1985,NBA,Cleveland Cavaliers,CLE,True,CLE
1985,NBA,Dallas Mavericks,DAL,True,DAL
1985,NBA,Denver Nuggets,DEN,True,DEN
1985,NBA,Detroit Pistons,DET,True,DET
1985,NBA,Golden State Warriors,GSW,False,GSW
1985,NBA,Houston Rockets,HOU,True,HOU
1985,NBA,Indiana Pacers,IND,False,IND
1985,NBA,Kansas City Kings,KCK,False,KCK
1985,NBA,Los Angeles Clippers,LAC,False,LAC
1985,NBA,Los Angeles Lakers,LAL,True,LAL
1985,NBA,Milwaukee Bucks,MIL,True,MIL
1985,NBA,New Jersey Nets,NJN,True,BRK
1985,NBA,New York Knicks,NYK,False,NYK
1985,NBA,Philadelphia 76ers,PHI,True,PHI
1985,NBA,Phoenix Suns,PHO,True,PHO
1985,NBA,Portland Trail Blazers,POR,True,POR
1985,NBA,San Antonio Spurs,SAS,True,SAS
1985,NBA,Seattle SuperSonics,SEA,False,SEA
1985,NBA,Utah Jazz,UTA,True,UTA
1985,NBA,Washington Bullets,WSB,True,WSB
1984,NBA,Atlanta Hawks,ATL,True,ATL
1984,NBA,Boston Celtics,BOS,True,BOS
1984,NBA,Chicago Bulls,CHI,False,CHI
1984,NBA,Cleveland Cavaliers,CLE,False,CLE
1984,NBA,Dallas Mavericks,DAL,True,DAL
1984,NBA,Denver Nuggets,DEN,True,DEN
1984,NBA,Detroit Pistons,DET,True,DET
1984,NBA,Golden State Warriors,GSW,False,GSW
1984,NBA,Houston Rockets,HOU,False,HOU
1984,NBA,Indiana Pacers,IND,False,IND
1984,NBA,Kansas City Kings,KCK,True,KCK
1984,NBA,Los Angeles Lakers,LAL,True,LAL
1984,NBA,Milwaukee Bucks,MIL,True,MIL
1984,NBA,New Jersey Nets,NJN,True,BRK
1984,NBA,New York Knicks,NYK,True,NYK
1984,NBA,Philadelphia 76ers,PHI,True,PHI
1984,NBA,Phoenix Suns,PHO,True,PHO
1984,NBA,Portland Trail Blazers,POR,True,POR
1984,NBA,San Antonio Spurs,SAS,False,SAS
1984,NBA,San Diego Clippers,SDC,False,SDC
1984,NBA,Seattle SuperSonics,SEA,True,SEA
1984,NBA,Utah Jazz,UTA,True,UTA
1984,NBA,Washington Bullets,WSB,True,WSB
1983,NBA,Atlanta Hawks,ATL,True,ATL
1983,NBA,Boston Celtics,BOS,True,BOS
1983,NBA,Chicago Bulls,CHI,False,CHI
1983,NBA,Cleveland Cavaliers,CLE,False,CLE
1983,NBA,Dallas Mavericks,DAL,False,DAL
1983,NBA,Denver Nuggets,DEN,True,DEN
1983,NBA,Detroit Pistons,DET,False,DET
1983,NBA,Golden State Warriors,GSW,False,GSW
1983,NBA,Houston Rockets,HOU,False,HOU
1983,NBA,Indiana Pacers,IND,False,IND
1983,NBA,Kansas City Kings,KCK,False,KCK
1983,NBA,Los Angeles Lakers,LAL,True,LAL
1983,NBA,Milwaukee Bucks,MIL,True,MIL
1983,NBA,New Jersey Nets,NJN,True,BRK
1983,NBA,New York Knicks,NYK,True,NYK
1983,NBA,Philadelphia 76ers,PHI,True,PHI
1983,NBA,Phoenix Suns,PHO,True,PHO
1983,NBA,Portland Trail Blazers,POR,True,POR
1983,NBA,San Antonio Spurs,SAS,True,SAS
1983,NBA,San Diego Clippers,SDC,False,SDC
1983,NBA,Seattle SuperSonics,SEA,True,SEA
1983,NBA,Utah Jazz,UTA,False,UTA
1983,NBA,Washington Bullets,WSB,False,WSB
1982,NBA,Atlanta Hawks,ATL,True,ATL
1982,NBA,Boston Celtics,BOS,True,BOS
1982,NBA,Chicago Bulls,CHI,False,CHI
1982,NBA,Cleveland Cavaliers,CLE,False,CLE
1982,NBA,Dallas Mavericks,DAL,False,DAL
1982,NBA,Denver Nuggets,DEN,True,DEN
1982,NBA,Detroit Pistons,DET,False,DET
1982,NBA,Golden State Warriors,GSW,False,GSW
1982,NBA,Houston Rockets,HOU,True,HOU
1982,NBA,Indiana Pacers,IND,False,IND
1982,NBA,Kansas City Kings,KCK,False,KCK
1982,NBA,Los Angeles Lakers,LAL,True,LAL
1982,NBA,Milwaukee Bucks,MIL,True,MIL
1982,NBA,New Jersey Nets,NJN,True,BRK
1982,NBA,New York Knicks,NYK,False,NYK
1982,NBA,Philadelphia 76ers,PHI,True,PHI
1982,NBA,Phoenix Suns,PHO,True,PHO
1982,NBA,Portland Trail Blazers,POR,False,POR
1982,NBA,San Antonio Spurs,SAS,True,SAS
1982,NBA,San Diego Clippers,SDC,False,SDC
1982,NBA,Seattle SuperSonics,SEA,True,SEA
1982,NBA,Utah Jazz,UTA,False,UTA
1982,NBA,Washington Bullets,WSB,True,WSB
1981,NBA,Atlanta Hawks,ATL,False,ATL
1981,NBA,Boston Celtics,BOS,True,BOS
1981,NBA,Chicago Bulls,CHI,True,CHI
1981,NBA,Cleveland Cavaliers,CLE,False,CLE
1981,NBA,Dallas Mavericks,DAL,False,DAL
1981,NBA,Denver Nuggets,DEN,False,DEN
1981,NBA,Detroit Pistons,DET,False,DET
1981,NBA,Golden State Warriors,GSW,False,GSW
1981,NBA,Houston Rockets,HOU,True,HOU
1981,NBA,Indiana Pacers,IND,True,IND
1981,NBA,Kansas City Kings,KCK,True,KCK
1981,NBA,Los Angeles Lakers,LAL,True,LAL
1981,NBA,Milwaukee Bucks,MIL,True,MIL
1981,NBA,New Jersey Nets,NJN,False,BRK
1981,NBA,New York Knicks,NYK,True,NYK
1981,NBA,Philadelphia 76ers,PHI,True,PHI
1981,NBA,Phoenix Suns,PHO,True,PHO
1981,NBA,Portland Trail Blazers,POR,True,POR
1981,NBA,San Antonio Spurs,SAS,True,SAS
1981,NBA,San Diego Clippers,SDC,False,SDC
1981,NBA,Seattle SuperSonics,SEA,False,SEA
1981,NBA,Utah Jazz,UTA,False,UTA
1981,NBA,Washington Bullets,WSB,False,WSB
1980,NBA,Atlanta Hawks,ATL,True,ATL
1980,NBA,Boston Celtics,BOS,True,BOS
1980,NBA,Chicago Bulls,CHI,False,CHI
1980,NBA,Cleveland Cavaliers,CLE,False,CLE
1980,NBA,Denver Nuggets,DEN,False,DEN
1980,NBA,Detroit Pistons,DET,False,DET
1980,NBA,Golden State Warriors,GSW,False,GSW
1980,NBA,Houston Rockets,HOU,True,HOU
1980,NBA,Indiana Pacers,IND,False,IND
1980,NBA,Kansas City Kings,KCK,True,KCK
1980,NBA,Los Angeles Lakers,LAL,True,LAL
1980,NBA,Milwaukee Bucks,MIL,True,MIL
1980,NBA,New Jersey Nets,NJN,False,BRK
1980,NBA,New York Knicks,NYK,False,NYK
1980,NBA,Philadelphia 76ers,PHI,True,PHI
1980,NBA,Phoenix Suns,PHO,True,PHO
1980,NBA,Portland Trail Blazers,POR,True,POR
1980,NBA,San Antonio Spurs,SAS,True,SAS
1980,NBA,San Diego Clippers,SDC,False,SDC
1980,NBA,Seattle SuperSonics,SEA,True,SEA
1980,NBA,Utah Jazz,UTA,False,UTA
1980,NBA,Washington Bullets,WSB,True,WSB
1979,NBA,Atlanta Hawks,ATL,True,ATL
1979,NBA,Boston Celtics,BOS,False,BOS
1979,NBA,Chicago Bulls,CHI,False,CHI
1979,NBA,Cleveland Cavaliers,CLE,False,CLE
1979,NBA,Denver Nuggets,DEN,True,DEN
1979,NBA,Detroit Pistons,DET,False,DET
1979,NBA,Golden State Warriors,GSW,False,GSW
1979,NBA,Houston Rockets,HOU,True,HOU
1979,NBA,Indiana Pacers,IND,False,IND
1979,NBA,Kansas City Kings,KCK,True,KCK
1979,NBA,Los Angeles Lakers,LAL,True,LAL
1979,NBA,Milwaukee Bucks,MIL,False,MIL
1979,NBA,New Jersey Nets,NJN,True,BRK
1979,NBA,New Orleans Jazz,NOJ,False,NOJ
1979,NBA,New York Knicks,NYK,False,NYK
1979,NBA,Philadelphia 76ers,PHI,True,PHI
1979,NBA,Phoenix Suns,PHO,True,PHO
1979,NBA,Portland Trail Blazers,POR,True,POR
1979,NBA,San Antonio Spurs,SAS,True,SAS
1979,NBA,San Diego Clippers,SDC,False,SDC
1979,NBA,Seattle SuperSonics,SEA,True,SEA
1979,NBA,Washington Bullets,WSB,True,WSB
1978,NBA,Atlanta Hawks,ATL,True,ATL
1978,NBA,Boston Celtics,BOS,False,BOS
1978,NBA,Buffalo Braves,BUF,False,BUF
1978,NBA,Chicago Bulls,CHI,False,CHI
1978,NBA,Cleveland Cavaliers,CLE,True,CLE
1978,NBA,Denver Nuggets,DEN,True,DEN
1978,NBA,Detroit Pistons,DET,False,DET
1978,NBA,Golden State Warriors,GSW,False,GSW
1978,NBA,Houston Rockets,HOU,False,HOU
1978,NBA,Indiana Pacers,IND,False,IND
1978,NBA,Kansas City Kings,KCK,False,KCK
1978,NBA,Los Angeles Lakers,LAL,True,LAL
1978,NBA,Milwaukee Bucks,MIL,True,MIL
1978,NBA,New Jersey Nets,NJN,False,BRK
1978,NBA,New Orleans Jazz,NOJ,False,NOJ
1978,NBA,New York Knicks,NYK,True,NYK
1978,NBA,Philadelphia 76ers,PHI,True,PHI
1978,NBA,Phoenix Suns,PHO,True,PHO
1978,NBA,Portland Trail Blazers,POR,True,POR
1978,NBA,San Antonio Spurs,SAS,True,SAS
1978,NBA,Seattle SuperSonics,SEA,True,SEA
1978,NBA,Washington Bullets,WSB,True,WSB
1977,NBA,Atlanta Hawks,ATL,False,ATL
1977,NBA,Boston Celtics,BOS,True,BOS
1977,NBA,Buffalo Braves,BUF,False,BUF
1977,NBA,Chicago Bulls,CHI,True,CHI
1977,NBA,Cleveland Cavaliers,CLE,True,CLE
1977,NBA,Denver Nuggets,DEN,True,DEN
1977,NBA,Detroit Pistons,DET,True,DET
1977,NBA,Golden State Warriors,GSW,True,GSW
1977,NBA,Houston Rockets,HOU,True,HOU
1977,NBA,Indiana Pacers,IND,False,IND
1977,NBA,Kansas City Kings,KCK,False,KCK
1977,NBA,Los Angeles Lakers,LAL,True,LAL
1977,NBA,Milwaukee Bucks,MIL,False,MIL
1977,NBA,New Orleans Jazz,NOJ,False,NOJ
1977,NBA,New York Knicks,NYK,False,NYK
1977,NBA,New York Nets,NYN,False,NYN
1977,NBA,Philadelphia 76ers,PHI,True,PHI
1977,NBA,Phoenix Suns,PHO,False,PHO
1977,NBA,Portland Trail Blazers,POR,True,POR
1977,NBA,San Antonio Spurs,SAS,True,SAS
1977,NBA,Seattle SuperSonics,SEA,False,SEA
1977,NBA,Washington Bullets,WSB,True,WSB
1976,ABA,Denver Nuggets,DNA,True,DEN
1976,ABA,Indiana Pacers,INA,True,INA
1976,ABA,Kentucky Colonels,KEN,True,KEN
1976,ABA,New York Nets,NYA,True,NYA
1976,ABA,San Antonio Spurs,SAA,True,SAA
1976,ABA,San Diego Sails,SDS,False,SDS
1976,ABA,Spirits of St. Louis,SSL,False,SSL
1976,ABA,Utah Stars,UTS,False,UTS
1976,ABA,Virginia Squires,VIR,False,VIR
1976,NBA,Atlanta Hawks,ATL,False,ATL
1976,NBA,Boston Celtics,BOS,True,BOS
1976,NBA,Buffalo Braves,BUF,True,BUF
1976,NBA,Chicago Bulls,CHI,False,CHI
1976,NBA,Cleveland Cavaliers,CLE,True,CLE
1976,NBA,Detroit Pistons,DET,True,DET
1976,NBA,Golden State Warriors,GSW,True,GSW
1976,NBA,Houston Rockets,HOU,False,HOU
1976,NBA,Kansas City Kings,KCK,False,KCK
1976,NBA,Los Angeles Lakers,LAL,False,LAL
1976,NBA,Milwaukee Bucks,MIL,True,MIL
1976,NBA,New Orleans Jazz,NOJ,False,NOJ
1976,NBA,New York Knicks,NYK,False,NYK
1976,NBA,Philadelphia 76ers,PHI,True,PHI
1976,NBA,Phoenix Suns,PHO,True,PHO
1976,NBA,Portland Trail Blazers,POR,False,POR
1976,NBA,Seattle SuperSonics,SEA,True,SEA
1976,NBA,Washington Bullets,WSB,True,WSB
1975,ABA,Denver Nuggets,DNA,True,DEN
1975,ABA,Indiana Pacers,INA,True,INA
1975,ABA,Kentucky Colonels,KEN,True,KEN
1975,ABA,Memphis Sounds,MMS,True,MMS
1975,ABA,New York Nets,NYA,True,NYA
1975,ABA,San Antonio Spurs,SAA,True,SAA
1975,ABA,San Diego Conquistadors,SDA,False,SDA
1975,ABA,Spirits of St. Louis,SSL,True,SSL
1975,ABA,Utah Stars,UTS,True,UTS
1975,ABA,Virginia Squires,VIR,False,VIR
1975,NBA,Atlanta Hawks,ATL,False,ATL
1975,NBA,Boston Celtics,BOS,True,BOS
1975,NBA,Buffalo Braves,BUF,True,BUF
1975,NBA,Chicago Bulls,CHI,True,CHI
1975,NBA,Cleveland Cavaliers,CLE,False,CLE
1975,NBA,Detroit Pistons,DET,True,DET
1975,NBA,Golden State Warriors,GSW,True,GSW
1975,NBA,Houston Rockets,HOU,True,HOU
1975,NBA,Kansas City-Omaha Kings,KCO,True,KCO
1975,NBA,Los Angeles Lakers,LAL,False,LAL
1975,NBA,Milwaukee Bucks,MIL,False,MIL
1975,NBA,New Orleans Jazz,NOJ,False,NOJ
1975,NBA,New York Knicks,NYK,True,NYK
1975,NBA,Philadelphia 76ers,PHI,False,PHI
1975,NBA,Phoenix Suns,PHO,False,PHO
1975,NBA,Portland Trail Blazers,POR,False,POR
1975,NBA,Seattle SuperSonics,SEA,True,SEA
1975,NBA,Washington Bullets,WSB,True,WSB
1974,ABA,Carolina Cougars,CAR,True,CAR
1974,ABA,Denver Rockets,DNR,True,DEN
1974,ABA,Indiana Pacers,INA,True,INA
1974,ABA,Kentucky Colonels,KEN,True,KEN
1974,ABA,Memphis Tams,MMT,False,MMT
1974,ABA,New York Nets,NYA,True,NYA
1974,ABA,San Antonio Spurs,SAA,True,SAA
1974,ABA,San Diego Conquistadors,SDA,True,SDA
1974,ABA,Utah Stars,UTS,True,UTS
1974,ABA,Virginia Squires,VIR,True,VIR
1974,NBA,Atlanta Hawks,ATL,False,ATL
1974,NBA,Boston Celtics,BOS,True,BOS
1974,NBA,Buffalo Braves,BUF,True,BUF
1974,NBA,Capital Bullets,CAP,True,CAP
1974,NBA,Chicago Bulls,CHI,True,CHI
1974,NBA,Cleveland Cavaliers,CLE,False,CLE
1974,NBA,Detroit Pistons,DET,True,DET
1974,NBA,Golden State Warriors,GSW,False,GSW
1974,NBA,Houston Rockets,HOU,False,HOU
1974,NBA,Kansas City-Omaha Kings,KCO,False,KCO
1974,NBA,Los Angeles Lakers,LAL,True,LAL
1974,NBA,Milwaukee Bucks,MIL,True,MIL
1974,NBA,New York Knicks,NYK,True,NYK
1974,NBA,Philadelphia 76ers,PHI,False,PHI
1974,NBA,Phoenix Suns,PHO,False,PHO
1974,NBA,Portland Trail Blazers,POR,False,POR
1974,NBA,Seattle SuperSonics,SEA,False,SEA
1973,ABA,Carolina Cougars,CAR,True,CAR
1973,ABA,Dallas Chaparrals,DLC,False,DLC
1973,ABA,Denver Rockets,DNR,True,DEN
1973,ABA,Indiana Pacers,INA,True,INA
1973,ABA,Kentucky Colonels,KEN,True,KEN
1973,ABA,Memphis Tams,MMT,False,MMT
1973,ABA,New York Nets,NYA,True,NYA
1973,ABA,San Diego Conquistadors,SDA,True,SDA
1973,ABA,Utah Stars,UTS,True,UTS
1973,ABA,Virginia Squires,VIR,True,VIR
1973,NBA,Atlanta Hawks,ATL,True,ATL
1973,NBA,Baltimore Bullets,BAL,True,BAL
1973,NBA,Boston Celtics,BOS,True,BOS
1973,NBA,Buffalo Braves,BUF,False,BUF
1973,NBA,Chicago Bulls,CHI,True,CHI
1973,NBA,Cleveland Cavaliers,CLE,False,CLE
1973,NBA,Detroit Pistons,DET,False,DET
1973,NBA,Golden State Warriors,GSW,True,GSW
1973,NBA,Houston Rockets,HOU,False,HOU
1973,NBA,Kansas City-Omaha Kings,KCO,False,KCO
1973,NBA,Los Angeles Lakers,LAL,True,LAL
1973,NBA,Milwaukee Bucks,MIL,True,MIL
1973,NBA,New York Knicks,NYK,True,NYK
1973,NBA,Philadelphia 76ers,PHI,False,PHI
1973,NBA,Phoenix Suns,PHO,False,PHO
1973,NBA,Portland Trail Blazers,POR,False,POR
1973,NBA,Seattle SuperSonics,SEA,False,SEA
1972,ABA,Carolina Cougars,CAR,False,CAR
1972,ABA,Dallas Chaparrals,DLC,True,DLC
1972,ABA,Denver Rockets,DNR,True,DEN
1972,ABA,The Floridians,FLO,True,FLO
1972,ABA,Indiana Pacers,INA,True,INA
1972,ABA,Kentucky Colonels,KEN,True,KEN
1972,ABA,Memphis Pros,MMP,False,MMP
1972,ABA,New York Nets,NYA,True,NYA
1972,ABA,Pittsburgh Condors,PTC,False,PTC
1972,ABA,Utah Stars,UTS,True,UTS
1972,ABA,Virginia Squires,VIR,True,VIR
1972,NBA,Atlanta Hawks,ATL,True,ATL
1972,NBA,Baltimore Bullets,BAL,True,BAL
1972,NBA,Boston Celtics,BOS,True,BOS
1972,NBA,Buffalo Braves,BUF,False,BUF
1972,NBA,Chicago Bulls,CHI,True,CHI
1972,NBA,Cincinnati Royals,CIN,False,CIN
1972,NBA,Cleveland Cavaliers,CLE,False,CLE
1972,NBA,Detroit Pistons,DET,False,DET
1972,NBA,Golden State Warriors,GSW,True,GSW
1972,NBA,Houston Rockets,HOU,False,HOU
1972,NBA,Los Angeles Lakers,LAL,True,LAL
1972,NBA,Milwaukee Bucks,MIL,True,MIL
1972,NBA,New York Knicks,NYK,True,NYK
1972,NBA,Philadelphia 76ers,PHI,False,PHI
1972,NBA,Phoenix Suns,PHO,False,PHO
1972,NBA,Portland Trail Blazers,POR,False,POR
1972,NBA,Seattle SuperSonics,SEA,False,SEA
1971,ABA,Carolina Cougars,CAR,False,CAR
1971,ABA,Denver Rockets,DNR,True,DEN
1971,ABA,The Floridians,FLO,True,FLO
1971,ABA,Indiana Pacers,INA,True,INA
1971,ABA,Kentucky Colonels,KEN,True,KEN
1971,ABA,Memphis Pros,MMP,True,MMP
1971,ABA,New York Nets,NYA,True,NYA
1971,ABA,Pittsburgh Condors,PTC,False,PTC
1971,ABA,Texas Chaparrals,TEX,True,TEX
1971,ABA,Utah Stars,UTS,True,UTS
1971,ABA,Virginia Squires,VIR,True,VIR
1971,NBA,Atlanta Hawks,ATL,True,ATL
1971,NBA,Baltimore Bullets,BAL,True,BAL
1971,NBA,Boston Celtics,BOS,False,BOS
1971,NBA,Buffalo Braves,BUF,False,BUF
1971,NBA,Chicago Bulls,CHI,True,CHI
1971,NBA,Cincinnati Royals,CIN,False,CIN
1971,NBA,Cleveland Cavaliers,CLE,False,CLE
1971,NBA,Detroit Pistons,DET,False,DET
1971,NBA,Los Angeles Lakers,LAL,True,LAL
1971,NBA,Milwaukee Bucks,MIL,True,MIL
1971,NBA,New York Knicks,NYK,True,NYK
1971,NBA,Philadelphia 76ers,PHI,True,PHI
1971,NBA,Phoenix Suns,PHO,False,PHO
1971,NBA,Portland Trail Blazers,POR,False,POR
1971,NBA,San Diego Rockets,SDR,False,SDR
1971,NBA,Seattle SuperSonics,SEA,False,SEA
1971,NBA,San Francisco Warriors,SFW,True,SFW
1970,ABA,Carolina Cougars,CAR,True,CAR
1970,ABA,Dallas Chaparrals,DLC,True,DLC
1970,ABA,Denver Rockets,DNR,True,DEN
1970,ABA,Indiana Pacers,INA,True,INA
1970,ABA,Kentucky Colonels,KEN,True,KEN
1970,ABA,Los Angeles Stars,LAS,True,LAS
1970,ABA,Miami Floridians,MMF,False,MMF
1970,ABA,New Orleans Buccaneers,NOB,False,NOB
1970,ABA,New York Nets,NYA,True,NYA
1970,ABA,Pittsburgh Pipers,PTP,False,PTP
1970,ABA,Washington Capitols,WSA,True,WSA
1970,NBA,Atlanta Hawks,ATL,True,ATL
1970,NBA,Baltimore Bullets,BAL,True,BAL
1970,NBA,Boston Celtics,BOS,False,BOS
1970,NBA,Chicago Bulls,CHI,True,CHI
1970,NBA,Cincinnati Royals,CIN,False,CIN
1970,NBA,Detroit Pistons,DET,False,DET
1970,NBA,Los Angeles Lakers,LAL,True,LAL
1970,NBA,Milwaukee Bucks,MIL,True,MIL
1970,NBA,New York Knicks,NYK,True,NYK
1970,NBA,Philadelphia 76ers,PHI,True,PHI
1970,NBA,Phoenix Suns,PHO,True,PHO
1970,NBA,San Diego Rockets,SDR,False,SDR
1970,NBA,Seattle SuperSonics,SEA,False,SEA
1970,NBA,San Francisco Warriors,SFW,False,SFW
1969,ABA,Dallas Chaparrals,DLC,True,DLC
1969,ABA,Denver Rockets,DNR,True,DEN
1969,ABA,Houston Mavericks,HSM,False,HSM
1969,ABA,Indiana Pacers,INA,True,INA
1969,ABA,Kentucky Colonels,KEN,True,KEN
1969,ABA,Los Angeles Stars,LAS,False,LAS
1969,ABA,Miami Floridians,MMF,True,MMF
1969,ABA,Minnesota Pipers,MNP,True,MNP
1969,ABA,New Orleans Buccaneers,NOB,True,NOB
1969,ABA,New York Nets,NYA,False,NYA
1969,ABA,Oakland Oaks,OAK,True,OAK
1969,NBA,Atlanta Hawks,ATL,True,ATL
1969,NBA,Baltimore Bullets,BAL,True,BAL
1969,NBA,Boston Celtics,BOS,True,BOS
1969,NBA,Chicago Bulls,CHI,False,CHI
1969,NBA,Cincinnati Royals,CIN,False,CIN
1969,NBA,Detroit Pistons,DET,False,DET
1969,NBA,Los Angeles Lakers,LAL,True,LAL
1969,NBA,Milwaukee Bucks,MIL,False,MIL
1969,NBA,New York Knicks,NYK,True,NYK
1969,NBA,Philadelphia 76ers,PHI,True,PHI
1969,NBA,Phoenix Suns,PHO,False,PHO
1969,NBA,San Diego Rockets,SDR,True,SDR
1969,NBA,Seattle SuperSonics,SEA,False,SEA
1969,NBA,San Francisco Warriors,SFW,True,SFW
1968,ABA,Anaheim Amigos,ANA,False,ANA
1968,ABA,Dallas Chaparrals,DLC,True,DLC
1968,ABA,Denver Rockets,DNR,True,DEN
1968,ABA,Houston Mavericks,HSM,True,HSM
1968,ABA,Indiana Pacers,INA,True,INA
1968,ABA,Kentucky Colonels,KEN,True,KEN
1968,ABA,Minnesota Muskies,MNM,True,MNM
1968,ABA,New Jersey Americans,NJA,False,NJA
1968,ABA,New Orleans Buccaneers,NOB,True,NOB
1968,ABA,Oakland Oaks,OAK,False,OAK
1968,ABA,Pittsburgh Pipers,PTP,True,PTP
1968,NBA,Baltimore Bullets,BAL,False,BAL
1968,NBA,Boston Celtics,BOS,True,BOS
1968,NBA,Chicago Bulls,CHI,True,CHI
1968,NBA,Cincinnati Royals,CIN,False,CIN
1968,NBA,Detroit Pistons,DET,True,DET
1968,NBA,Los Angeles Lakers,LAL,True,LAL
1968,NBA,New York Knicks,NYK,True,NYK
1968,NBA,Philadelphia 76ers,PHI,True,PHI
1968,NBA,San Diego Rockets,SDR,False,SDR
1968,NBA,Seattle SuperSonics,SEA,False,SEA
1968,NBA,San Francisco Warriors,SFW,True,SFW
1968,NBA,St. Louis Hawks,STL,True,STL
1967,NBA,Baltimore Bullets,BAL,False,BAL
1967,NBA,Boston Celtics,BOS,True,BOS
1967,NBA,Chicago Bulls,CHI,True,CHI
1967,NBA,Cincinnati Royals,CIN,True,CIN
1967,NBA,Detroit Pistons,DET,False,DET
1967,NBA,Los Angeles Lakers,LAL,True,LAL
1967,NBA,New York Knicks,NYK,True,NYK
1967,NBA,Philadelphia 76ers,PHI,True,PHI
1967,NBA,San Francisco Warriors,SFW,True,SFW
1967,NBA,St. Louis Hawks,STL,True,STL
1966,NBA,Baltimore Bullets,BAL,True,BAL
1966,NBA,Boston Celtics,BOS,True,BOS
1966,NBA,Cincinnati Royals,CIN,True,CIN
1966,NBA,Detroit Pistons,DET,False,DET
1966,NBA,Los Angeles Lakers,LAL,True,LAL
1966,NBA,New York Knicks,NYK,False,NYK
1966,NBA,Philadelphia 76ers,PHI,True,PHI
1966,NBA,San Francisco Warriors,SFW,False,SFW
1966,NBA,St. Louis Hawks,STL,True,STL
1965,NBA,Baltimore Bullets,BAL,True,BAL
1965,NBA,Boston Celtics,BOS,True,BOS
1965,NBA,Cincinnati Royals,CIN,True,CIN
1965,NBA,Detroit Pistons,DET,False,DET
1965,NBA,Los Angeles Lakers,LAL,True,LAL
1965,NBA,New York Knicks,NYK,False,NYK
1965,NBA,Philadelphia 76ers,PHI,True,PHI
1965,NBA,San Francisco Warriors,SFW,False,SFW
1965,NBA,St. Louis Hawks,STL,True,STL
1964,NBA,Baltimore Bullets,BAL,False,BAL
1964,NBA,Boston Celtics,BOS,True,BOS
1964,NBA,Cincinnati Royals,CIN,True,CIN
1964,NBA,Detroit Pistons,DET,False,DET
1964,NBA,Los Angeles Lakers,LAL,True,LAL
1964,NBA,New York Knicks,NYK,False,NYK
1964,NBA,Philadelphia 76ers,PHI,True,PHI
1964,NBA,San Francisco Warriors,SFW,True,SFW
1964,NBA,St. Louis Hawks,STL,True,STL
1963,NBA,Boston Celtics,BOS,True,BOS
1963,NBA,Chicago Zephyrs,CHZ,False,CHZ
1963,NBA,Cincinnati Royals,CIN,True,CIN
1963,NBA,Detroit Pistons,DET,True,DET
1963,NBA,Los Angeles Lakers,LAL,True,LAL
1963,NBA,New York Knicks,NYK,False,NYK
1963,NBA,San Francisco Warriors,SFW,False,SFW
1963,NBA,St. Louis Hawks,STL,True,STL
1963,NBA,Syracuse Nationals,SYR,True,SYR
1962,NBA,Boston Celtics,BOS,True,BOS
1962,NBA,Chicago Packers,CHP,False,CHP
1962,NBA,Cincinnati Royals,CIN,True,CIN
1962,NBA,Detroit Pistons,DET,True,DET
1962,NBA,Los Angeles Lakers,LAL,True,LAL
1962,NBA,New York Knicks,NYK,False,NYK
1962,NBA,Philadelphia Warriors,PHW,True,PHW
1962,NBA,St. Louis Hawks,STL,False,STL
1962,NBA,Syracuse Nationals,SYR,True,SYR
1961,NBA,Boston Celtics,BOS,True,BOS
1961,NBA,Cincinnati Royals,CIN,False,CIN
1961,NBA,Detroit Pistons,DET,True,DET
1961,NBA,Los Angeles Lakers,LAL,True,LAL
1961,NBA,New York Knicks,NYK,False,NYK
1961,NBA,Philadelphia Warriors,PHW,True,PHW
1961,NBA,St. Louis Hawks,STL,True,STL
1961,NBA,Syracuse Nationals,SYR,True,SYR
1960,NBA,Boston Celtics,BOS,True,BOS
1960,NBA,Cincinnati Royals,CIN,False,CIN
1960,NBA,Detroit Pistons,DET,True,DET
1960,NBA,Minneapolis Lakers,MNL,True,MNL
1960,NBA,New York Knicks,NYK,False,NYK
1960,NBA,Philadelphia Warriors,PHW,True,PHW
1960,NBA,St. Louis Hawks,STL,True,STL
1960,NBA,Syracuse Nationals,SYR,True,SYR
1959,NBA,Boston Celtics,BOS,True,BOS
1959,NBA,Cincinnati Royals,CIN,False,CIN
1959,NBA,Detroit Pistons,DET,True,DET
1959,NBA,Minneapolis Lakers,MNL,True,MNL
1959,NBA,New York Knicks,NYK,True,NYK
1959,NBA,Philadelphia Warriors,PHW,False,PHW
1959,NBA,St. Louis Hawks,STL,True,STL
1959,NBA,Syracuse Nationals,SYR,True,SYR
1958,NBA,Boston Celtics,BOS,True,BOS
1958,NBA,Cincinnati Royals,CIN,True,CIN
1958,NBA,Detroit Pistons,DET,True,DET
1958,NBA,Minneapolis Lakers,MNL,False,MNL
1958,NBA,New York Knicks,NYK,False,NYK
1958,NBA,Philadelphia Warriors,PHW,True,PHW
1958,NBA,St. Louis Hawks,STL,True,STL
1958,NBA,Syracuse Nationals,SYR,True,SYR
1957,NBA,Boston Celtics,BOS,True,BOS
1957,NBA,Fort Wayne Pistons,FTW,True,FTW
1957,NBA,Minneapolis Lakers,MNL,True,MNL
1957,NBA,New York Knicks,NYK,False,NYK
1957,NBA,Philadelphia Warriors,PHW,True,PHW
1957,NBA,Rochester Royals,ROC,False,ROC
1957,NBA,St. Louis Hawks,STL,True,STL
1957,NBA,Syracuse Nationals,SYR,True,SYR
1956,NBA,Boston Celtics,BOS,True,BOS
1956,NBA,Fort Wayne Pistons,FTW,True,FTW
1956,NBA,Minneapolis Lakers,MNL,True,MNL
1956,NBA,New York Knicks,NYK,True,NYK
1956,NBA,Philadelphia Warriors,PHW,True,PHW
1956,NBA,Rochester Royals,ROC,False,ROC
1956,NBA,St. Louis Hawks,STL,True,STL
1956,NBA,Syracuse Nationals,SYR,True,SYR
1955,NBA,Baltimore Bullets,BLB,False,BLB
1955,NBA,Boston Celtics,BOS,True,BOS
1955,NBA,Fort Wayne Pistons,FTW,True,FTW
1955,NBA,Milwaukee Hawks,MLH,False,MLH
1955,NBA,Minneapolis Lakers,MNL,True,MNL
1955,NBA,New York Knicks,NYK,True,NYK
1955,NBA,Philadelphia Warriors,PHW,False,PHW
1955,NBA,Rochester Royals,ROC,True,ROC
1955,NBA,Syracuse Nationals,SYR,True,SYR
1954,NBA,Baltimore Bullets,BLB,False,BLB
1954,NBA,Boston Celtics,BOS,True,BOS
1954,NBA,Fort Wayne Pistons,FTW,True,FTW
1954,NBA,Milwaukee Hawks,MLH,False,MLH
1954,NBA,Minneapolis Lakers,MNL,True,MNL
1954,NBA,New York Knicks,NYK,True,NYK
1954,NBA,Philadelphia Warriors,PHW,False,PHW
1954,NBA,Rochester Royals,ROC,True,ROC
1954,NBA,Syracuse Nationals,SYR,True,SYR
1953,NBA,Baltimore Bullets,BLB,True,BLB
1953,NBA,Boston Celtics,BOS,True,BOS
1953,NBA,Fort Wayne Pistons,FTW,True,FTW
1953,NBA,Indianapolis Olympians,INO,True,INO
1953,NBA,Milwaukee Hawks,MLH,False,MLH
1953,NBA,Minneapolis Lakers,MNL,True,MNL
1953,NBA,New York Knicks,NYK,True,NYK
1953,NBA,Philadelphia Warriors,PHW,False,PHW
1953,NBA,Rochester Royals,ROC,True,ROC
1953,NBA,Syracuse Nationals,SYR,True,SYR
1952,NBA,Baltimore Bullets,BLB,False,BLB
1952,NBA,Boston Celtics,BOS,True,BOS
1952,NBA,Fort Wayne Pistons,FTW,True,FTW
1952,NBA,Indianapolis Olympians,INO,True,INO
1952,NBA,Milwaukee Hawks,MLH,False,MLH
1952,NBA,Minneapolis Lakers,MNL,True,MNL
1952,NBA,New York Knicks,NYK,True,NYK
1952,NBA,Philadelphia Warriors,PHW,True,PHW
1952,NBA,Rochester Royals,ROC,True,ROC
1952,NBA,Syracuse Nationals,SYR,True,SYR
1951,NBA,Baltimore Bullets,BLB,False,BLB
1951,NBA,Boston Celtics,BOS,True,BOS
1951,NBA,Fort Wayne Pistons,FTW,True,FTW
1951,NBA,Indianapolis Olympians,INO,True,INO
1951,NBA,Minneapolis Lakers,MNL,True,MNL
1951,NBA,New York Knicks,NYK,True,NYK
1951,NBA,Philadelphia Warriors,PHW,True,PHW
1951,NBA,Rochester Royals,ROC,True,ROC
1951,NBA,Syracuse Nationals,SYR,True,SYR
1951,NBA,Tri-Cities Blackhawks,TRI,False,TRI
1951,NBA,Washington Capitols,WSC,False,WSC
1950,NBA,Anderson Packers,AND,True,AND
1950,NBA,Baltimore Bullets,BLB,False,BLB
1950,NBA,Boston Celtics,BOS,False,BOS
1950,NBA,Chicago Stags,CHS,True,CHS
1950,NBA,Denver Nuggets,DNN,False,DNN
1950,NBA,Fort Wayne Pistons,FTW,True,FTW
1950,NBA,Indianapolis Olympians,INO,True,INO
1950,NBA,Minneapolis Lakers,MNL,True,MNL
1950,NBA,New York Knicks,NYK,True,NYK
1950,NBA,Philadelphia Warriors,PHW,True,PHW
1950,NBA,Rochester Royals,ROC,True,ROC
1950,NBA,Sheboygan Red Skins,SHE,True,SHE
1950,NBA,St. Louis Bombers,STB,False,STB
1950,NBA,Syracuse Nationals,SYR,True,SYR
1950,NBA,Tri-Cities Blackhawks,TRI,True,TRI
1950,NBA,Waterloo Hawks,WAT,False,WAT
1950,NBA,Washington Capitols,WSC,True,WSC
1949,BAA,Baltimore Bullets,BLB,True,BLB
1949,BAA,Boston Celtics,BOS,False,BOS
1949,BAA,Chicago Stags,CHS,True,CHS
1949,BAA,Fort Wayne Pistons,FTW,False,FTW
1949,BAA,Indianapolis Jets,INJ,False,INJ
1949,BAA,Minneapolis Lakers,MNL,True,MNL
1949,BAA,New York Knicks,NYK,True,NYK
1949,BAA,Philadelphia Warriors,PHW,True,PHW
1949,BAA,Providence Steamrollers,PRO,False,PRO
1949,BAA,Rochester Royals,ROC,True,ROC
1949,BAA,St. Louis Bombers,STB,True,STB
1949,BAA,Washington Capitols,WSC,True,WSC
1948,BAA,Baltimore Bullets,BLB,True,BLB
1948,BAA,Boston Celtics,BOS,True,BOS
1948,BAA,Chicago Stags,CHS,True,CHS
1948,BAA,New York Knicks,NYK,True,NYK
1948,BAA,Philadelphia Warriors,PHW,True,PHW
1948,BAA,Providence Steamrollers,PRO,False,PRO
1948,BAA,St. Louis Bombers,STB,True,STB
1948,BAA,Washington Capitols,WSC,True,WSC
1947,BAA,Boston Celtics,BOS,False,BOS
1947,BAA,Chicago Stags,CHS,True,CHS
1947,BAA,Cleveland Rebels,CLR,True,CLR
1947,BAA,Detroit Falcons,DTF,False,DTF
1947,BAA,New York Knicks,NYK,True,NYK
1947,BAA,Philadelphia Warriors,PHW,True,PHW
1947,BAA,Pittsburgh Ironmen,PIT,False,PIT
1947,BAA,Providence Steamrollers,PRO,False,PRO
1947,BAA,St. Louis Bombers,STB,True,STB
1947,BAA,Toronto Huskies,TRH,False,TRH
1947,BAA,Washington Capitols,WSC,True,WSC
