season,lg,team,abbreviation,playoffs,age,w,l,pw,pl
2026,NBA,Atlanta Hawks,ATL,FALSE,25.2,46,36,47,35
2026,NBA,Boston Celtics,BOS,FALSE,26.9,56,26,59,23
2026,NBA,Brooklyn Nets,BRK,FALSE,23.5,20,62,18,64
2026,NBA,Chicago Bulls,CHI,FALSE,25.3,31,51,29,53
2026,NBA,Charlotte Hornets,CHO,FALSE,24,44,38,53,29
2026,NBA,Cleveland Cavaliers,CLE,FALSE,27.2,52,30,51,31
2026,NBA,Dallas Mavericks,DAL,FALSE,26.2,26,56,28,54
2026,NBA,Denver Nuggets,DEN,FALSE,27.8,54,28,53,29
2026,NBA,Detroit Pistons,DET,TRUE,26.1,60,22,60,22
2026,NBA,Golden State Warriors,GSW,FALSE,28.6,37,45,40,42
2026,NBA,Houston Rockets,HOU,FALSE,26.5,52,30,54,28
2026,NBA,Indiana Pacers,IND,FALSE,26.1,19,63,23,59
2026,NBA,Los Angeles Clippers,LAC,FALSE,30,42,40,44,38
2026,NBA,Los Angeles Lakers,LAL,FALSE,28,53,29,45,37
2026,NBA,Memphis Grizzlies,MEM,FALSE,24.6,25,57,27,55
2026,NBA,Miami Heat,MIA,FALSE,26.2,43,39,47,35
2026,NBA,Milwaukee Bucks,MIL,FALSE,27.1,32,50,26,56
2026,NBA,Minnesota Timberwolves,MIN,FALSE,27.9,49,33,49,33
2026,NBA,New Orleans Pelicans,NOP,FALSE,24.1,26,56,30,52
2026,NBA,New York Knicks,NYK,FALSE,28.1,53,29,56,26
2026,NBA,Oklahoma City Thunder,OKC,TRUE,25.2,64,18,65,17
2026,NBA,Orlando Magic,ORL,FALSE,24.7,45,37,43,39
2026,NBA,Philadelphia 76ers,PHI,FALSE,25.5,45,37,41,41
2026,NBA,Phoenix Suns,PHO,FALSE,26.8,45,37,45,37
2026,NBA,Portland Trail Blazers,POR,FALSE,25.2,42,40,40,42
2026,NBA,Sacramento Kings,SAC,FALSE,28.3,22,60,19,63
2026,NBA,San Antonio Spurs,SAS,TRUE,25.4,62,20,60,22
2026,NBA,Toronto Raptors,TOR,FALSE,24.8,46,36,48,34
2026,NBA,Utah Jazz,UTA,FALSE,24.1,22,60,23,59
2026,NBA,Washington Wizards,WAS,FALSE,23.5,17,65,16,66
2026,NBA,League Average,NA,FALSE,26.2,NA,NA,41,41
2025,NBA,Atlanta Hawks,ATL,TRUE,24.9,40,42,38,44
2025,NBA,Boston Celtics,BOS,TRUE,28.9,61,21,62,20
2025,NBA,Brooklyn Nets,BRK,FALSE,24.7,26,56,23,59
2025,NBA,Chicago Bulls,CHI,TRUE,25.2,39,43,37,45
2025,NBA,Charlotte Hornets,CHO,FALSE,25.1,19,63,20,62
2025,NBA,Cleveland Cavaliers,CLE,TRUE,26.6,64,18,62,20
2025,NBA,Dallas Mavericks,DAL,TRUE,27.5,39,43,38,44
2025,NBA,Denver Nuggets,DEN,TRUE,27,50,32,50,32
2025,NBA,Detroit Pistons,DET,TRUE,25.8,44,38,46,36
2025,NBA,Golden State Warriors,GSW,TRUE,28.6,48,34,49,33
2025,NBA,Houston Rockets,HOU,TRUE,24.9,52,30,52,30
2025,NBA,Indiana Pacers,IND,TRUE,25.8,50,32,46,36
2025,NBA,Los Angeles Clippers,LAC,TRUE,29.7,50,32,53,29
2025,NBA,Los Angeles Lakers,LAL,TRUE,27.9,50,32,44,38
2025,NBA,Memphis Grizzlies,MEM,TRUE,24.7,48,34,52,30
2025,NBA,Miami Heat,MIA,TRUE,26.8,37,45,42,40
2025,NBA,Milwaukee Bucks,MIL,TRUE,29.3,48,34,47,35
2025,NBA,Minnesota Timberwolves,MIN,TRUE,27.2,49,33,53,29
2025,NBA,New Orleans Pelicans,NOP,FALSE,25.9,21,61,20,62
2025,NBA,New York Knicks,NYK,TRUE,27.5,51,31,51,31
2025,NBA,Oklahoma City Thunder,OKC,TRUE,24.8,68,14,68,14
2025,NBA,Orlando Magic,ORL,TRUE,24.9,41,41,41,41
2025,NBA,Philadelphia 76ers,PHI,FALSE,27.1,24,58,26,56
2025,NBA,Phoenix Suns,PHO,FALSE,29.1,36,46,34,48
2025,NBA,Portland Trail Blazers,POR,FALSE,23.8,36,46,33,49
2025,NBA,Sacramento Kings,SAC,TRUE,27.8,40,42,42,40
2025,NBA,San Antonio Spurs,SAS,FALSE,26,34,48,34,48
2025,NBA,Toronto Raptors,TOR,FALSE,24.5,30,52,30,52
2025,NBA,Utah Jazz,UTA,FALSE,23.9,17,65,20,62
2025,NBA,Washington Wizards,WAS,FALSE,23.5,18,64,15,67
2025,NBA,League Average,NA,FALSE,26.5,NA,NA,41,41
2024,NBA,Atlanta Hawks,ATL,FALSE,26.2,36,46,36,46
2024,NBA,Boston Celtics,BOS,TRUE,28.2,64,18,66,16
2024,NBA,Brooklyn Nets,BRK,FALSE,26.1,32,50,34,48
2024,NBA,Chicago Bulls,CHI,FALSE,28.1,39,43,37,45
2024,NBA,Charlotte Hornets,CHO,FALSE,25.1,21,61,18,64
2024,NBA,Cleveland Cavaliers,CLE,TRUE,26.2,48,34,47,35
2024,NBA,Dallas Mavericks,DAL,TRUE,26.5,50,32,46,36
2024,NBA,Denver Nuggets,DEN,TRUE,27.1,57,25,54,28
2024,NBA,Detroit Pistons,DET,FALSE,23.8,14,68,20,62
2024,NBA,Golden State Warriors,GSW,FALSE,28.4,46,36,47,35
2024,NBA,Houston Rockets,HOU,FALSE,25.1,41,41,44,38
2024,NBA,Indiana Pacers,IND,TRUE,25.3,47,35,48,34
2024,NBA,Los Angeles Clippers,LAC,TRUE,30.4,51,31,49,33
2024,NBA,Los Angeles Lakers,LAL,TRUE,28,47,35,42,40
2024,NBA,Memphis Grizzlies,MEM,FALSE,24.4,27,55,24,58
2024,NBA,Miami Heat,MIA,TRUE,28,46,36,46,36
2024,NBA,Milwaukee Bucks,MIL,TRUE,30.2,49,33,47,35
2024,NBA,Minnesota Timberwolves,MIN,TRUE,27.2,56,26,57,25
2024,NBA,New Orleans Pelicans,NOP,TRUE,26,49,33,52,30
2024,NBA,New York Knicks,NYK,TRUE,26.4,50,32,53,29
2024,NBA,Oklahoma City Thunder,OKC,TRUE,23.4,57,25,58,24
2024,NBA,Orlando Magic,ORL,TRUE,24,47,35,46,36
2024,NBA,Philadelphia 76ers,PHI,TRUE,28.4,47,35,49,33
2024,NBA,Phoenix Suns,PHO,TRUE,29.3,49,33,49,33
2024,NBA,Portland Trail Blazers,POR,FALSE,24.1,21,61,20,62
2024,NBA,Sacramento Kings,SAC,FALSE,26.4,46,36,45,37
2024,NBA,San Antonio Spurs,SAS,FALSE,23,22,60,26,56
2024,NBA,Toronto Raptors,TOR,FALSE,25.9,25,57,26,56
2024,NBA,Utah Jazz,UTA,FALSE,25.1,31,51,29,53
2024,NBA,Washington Wizards,WAS,FALSE,24.9,15,67,20,62
2024,NBA,League Average,NA,FALSE,26.6,NA,NA,41,41
2023,NBA,Atlanta Hawks,ATL,TRUE,24.9,41,41,42,40
2023,NBA,Boston Celtics,BOS,TRUE,27.4,57,25,57,25
2023,NBA,Brooklyn Nets,BRK,TRUE,28,45,37,43,39
2023,NBA,Chicago Bulls,CHI,FALSE,27.5,40,42,44,38
2023,NBA,Charlotte Hornets,CHO,FALSE,25.3,27,55,26,56
2023,NBA,Cleveland Cavaliers,CLE,TRUE,25.4,51,31,55,27
2023,NBA,Dallas Mavericks,DAL,FALSE,27.8,38,44,41,41
2023,NBA,Denver Nuggets,DEN,TRUE,26.6,53,29,49,33
2023,NBA,Detroit Pistons,DET,FALSE,24.1,17,65,22,60
2023,NBA,Golden State Warriors,GSW,TRUE,27.3,44,38,45,37
2023,NBA,Houston Rockets,HOU,FALSE,22.1,22,60,23,59
2023,NBA,Indiana Pacers,IND,FALSE,24.5,35,47,33,49
2023,NBA,Los Angeles Clippers,LAC,TRUE,29.7,44,38,42,40
2023,NBA,Los Angeles Lakers,LAL,TRUE,27.9,43,39,42,40
2023,NBA,Memphis Grizzlies,MEM,TRUE,24.4,51,31,51,31
2023,NBA,Miami Heat,MIA,TRUE,27.7,44,38,40,42
2023,NBA,Milwaukee Bucks,MIL,TRUE,29.8,58,24,50,32
2023,NBA,Minnesota Timberwolves,MIN,TRUE,25.8,42,40,41,41
2023,NBA,New Orleans Pelicans,NOP,FALSE,25.9,42,40,46,36
2023,NBA,New York Knicks,NYK,TRUE,24.5,47,35,48,34
2023,NBA,Oklahoma City Thunder,OKC,FALSE,22.8,40,42,44,38
2023,NBA,Orlando Magic,ORL,FALSE,23.1,34,48,35,47
2023,NBA,Philadelphia 76ers,PHI,TRUE,28.2,54,28,52,30
2023,NBA,Phoenix Suns,PHO,TRUE,28.1,45,37,46,36
2023,NBA,Portland Trail Blazers,POR,FALSE,25.1,33,49,31,51
2023,NBA,Sacramento Kings,SAC,TRUE,25.4,48,34,47,35
2023,NBA,San Antonio Spurs,SAS,FALSE,23.9,22,60,19,63
2023,NBA,Toronto Raptors,TOR,FALSE,25.8,41,41,45,37
2023,NBA,Utah Jazz,UTA,FALSE,26.5,37,45,39,43
2023,NBA,Washington Wizards,WAS,FALSE,26.2,35,47,38,44
2023,NBA,League Average,NA,FALSE,26.3,NA,NA,41,41
2022,NBA,Atlanta Hawks,ATL,TRUE,26.1,43,39,45,37
2022,NBA,Boston Celtics,BOS,TRUE,26.1,51,31,59,23
2022,NBA,Brooklyn Nets,BRK,TRUE,29.1,44,38,43,39
2022,NBA,Chicago Bulls,CHI,TRUE,26.3,46,36,40,42
2022,NBA,Charlotte Hornets,CHO,FALSE,25.5,43,39,42,40
2022,NBA,Cleveland Cavaliers,CLE,FALSE,24.7,44,38,47,35
2022,NBA,Dallas Mavericks,DAL,TRUE,26.7,52,30,50,32
2022,NBA,Denver Nuggets,DEN,TRUE,27.7,48,34,47,35
2022,NBA,Detroit Pistons,DET,FALSE,23.6,23,59,22,60
2022,NBA,Golden State Warriors,GSW,TRUE,27.6,53,29,55,27
2022,NBA,Houston Rockets,HOU,FALSE,24.1,20,62,21,61
2022,NBA,Indiana Pacers,IND,FALSE,26,25,57,32,50
2022,NBA,Los Angeles Clippers,LAC,FALSE,27.5,42,40,41,41
2022,NBA,Los Angeles Lakers,LAL,FALSE,30.2,33,49,33,49
2022,NBA,Memphis Grizzlies,MEM,TRUE,24,56,26,55,27
2022,NBA,Miami Heat,MIA,TRUE,28.2,53,29,53,29
2022,NBA,Milwaukee Bucks,MIL,TRUE,28.5,51,31,49,33
2022,NBA,Minnesota Timberwolves,MIN,TRUE,24.2,46,36,48,34
2022,NBA,New Orleans Pelicans,NOP,TRUE,25.6,36,46,38,44
2022,NBA,New York Knicks,NYK,FALSE,26,37,45,41,41
2022,NBA,Oklahoma City Thunder,OKC,FALSE,22.4,24,58,21,61
2022,NBA,Orlando Magic,ORL,FALSE,23.3,22,60,21,61
2022,NBA,Philadelphia 76ers,PHI,TRUE,26.8,51,31,48,34
2022,NBA,Phoenix Suns,PHO,TRUE,27.5,64,18,59,23
2022,NBA,Portland Trail Blazers,POR,FALSE,25.6,27,55,20,62
2022,NBA,Sacramento Kings,SAC,FALSE,25.8,30,52,28,54
2022,NBA,San Antonio Spurs,SAS,FALSE,24.5,34,48,41,41
2022,NBA,Toronto Raptors,TOR,TRUE,24.8,48,34,47,35
2022,NBA,Utah Jazz,UTA,TRUE,29.3,49,33,56,26
2022,NBA,Washington Wizards,WAS,FALSE,25.9,35,47,32,50
2022,NBA,League Average,NA,FALSE,26.3,NA,NA,41,41
2021,NBA,Atlanta Hawks,ATL,TRUE,25.4,41,31,41,31
2021,NBA,Boston Celtics,BOS,TRUE,25.1,36,36,39,33
2021,NBA,Brooklyn Nets,BRK,TRUE,28.2,48,24,46,26
2021,NBA,Chicago Bulls,CHI,FALSE,25.6,31,41,34,38
2021,NBA,Charlotte Hornets,CHO,FALSE,24.6,33,39,32,40
2021,NBA,Cleveland Cavaliers,CLE,FALSE,24,22,50,18,54
2021,NBA,Dallas Mavericks,DAL,TRUE,26.3,42,30,41,31
2021,NBA,Denver Nuggets,DEN,TRUE,26.1,47,25,47,25
2021,NBA,Detroit Pistons,DET,FALSE,24.5,20,52,26,46
2021,NBA,Golden State Warriors,GSW,FALSE,26.7,39,33,38,34
2021,NBA,Houston Rockets,HOU,FALSE,26.5,17,55,20,52
2021,NBA,Indiana Pacers,IND,FALSE,26.5,34,38,36,36
2021,NBA,Los Angeles Clippers,LAC,TRUE,28.8,47,25,49,23
2021,NBA,Los Angeles Lakers,LAL,TRUE,28.2,42,30,42,30
2021,NBA,Memphis Grizzlies,MEM,TRUE,24.2,38,34,38,34
2021,NBA,Miami Heat,MIA,TRUE,27.4,40,32,36,36
2021,NBA,Milwaukee Bucks,MIL,TRUE,28.1,46,26,48,24
2021,NBA,Minnesota Timberwolves,MIN,FALSE,23.2,23,49,24,48
2021,NBA,New Orleans Pelicans,NOP,FALSE,24.8,31,41,35,37
2021,NBA,New York Knicks,NYK,TRUE,25.6,41,31,41,31
2021,NBA,Oklahoma City Thunder,OKC,FALSE,22.8,22,50,15,57
2021,NBA,Orlando Magic,ORL,FALSE,25.6,21,51,17,55
2021,NBA,Philadelphia 76ers,PHI,TRUE,27.1,49,23,48,24
2021,NBA,Phoenix Suns,PHO,TRUE,26.6,51,21,49,23
2021,NBA,Portland Trail Blazers,POR,TRUE,27.4,42,30,40,32
2021,NBA,Sacramento Kings,SAC,FALSE,25.6,31,41,28,44
2021,NBA,San Antonio Spurs,SAS,FALSE,26.2,33,39,32,40
2021,NBA,Toronto Raptors,TOR,FALSE,26.6,27,45,35,37
2021,NBA,Utah Jazz,UTA,TRUE,28.5,52,20,55,17
2021,NBA,Washington Wizards,WAS,TRUE,26.6,34,38,32,40
2021,NBA,League Average,NA,FALSE,26.3,NA,NA,36,36
2020,NBA,Atlanta Hawks,ATL,FALSE,24.1,20,47,18,49
2020,NBA,Boston Celtics,BOS,TRUE,25.3,48,24,50,22
2020,NBA,Brooklyn Nets,BRK,TRUE,26.3,35,37,35,37
2020,NBA,Chicago Bulls,CHI,FALSE,24.4,22,43,26,39
2020,NBA,Charlotte Hornets,CHO,FALSE,24.3,23,42,19,46
2020,NBA,Cleveland Cavaliers,CLE,FALSE,25,19,46,18,47
2020,NBA,Dallas Mavericks,DAL,TRUE,26.1,43,32,49,26
2020,NBA,Denver Nuggets,DEN,TRUE,25.6,46,27,41,32
2020,NBA,Detroit Pistons,DET,FALSE,25.9,20,46,26,40
2020,NBA,Golden State Warriors,GSW,FALSE,24.4,15,50,16,49
2020,NBA,Houston Rockets,HOU,TRUE,29.2,44,28,42,30
2020,NBA,Indiana Pacers,IND,TRUE,25.6,45,28,41,32
2020,NBA,Los Angeles Clippers,LAC,TRUE,27.4,49,23,50,22
2020,NBA,Los Angeles Lakers,LAL,TRUE,29.5,52,19,48,23
2020,NBA,Memphis Grizzlies,MEM,FALSE,24.1,34,39,34,39
2020,NBA,Miami Heat,MIA,TRUE,25.9,44,29,43,30
2020,NBA,Milwaukee Bucks,MIL,TRUE,29.2,56,17,57,16
2020,NBA,Minnesota Timberwolves,MIN,FALSE,24.8,19,45,24,40
2020,NBA,New Orleans Pelicans,NOP,FALSE,25.4,30,42,33,39
2020,NBA,New York Knicks,NYK,FALSE,24.5,21,45,20,46
2020,NBA,Oklahoma City Thunder,OKC,TRUE,25.5,44,28,41,31
2020,NBA,Orlando Magic,ORL,TRUE,26.1,33,40,34,39
2020,NBA,Philadelphia 76ers,PHI,TRUE,26.3,43,30,42,31
2020,NBA,Phoenix Suns,PHO,FALSE,24.6,34,39,37,36
2020,NBA,Portland Trail Blazers,POR,TRUE,27.5,35,39,34,40
2020,NBA,Sacramento Kings,SAC,FALSE,27,31,41,31,41
2020,NBA,San Antonio Spurs,SAS,FALSE,27.6,32,39,33,38
2020,NBA,Toronto Raptors,TOR,TRUE,26.6,53,19,50,22
2020,NBA,Utah Jazz,UTA,TRUE,27.3,44,28,42,30
2020,NBA,Washington Wizards,WAS,FALSE,25.1,25,47,26,46
2020,NBA,League Average,NA,FALSE,26.2,NA,NA,35,35
2019,NBA,Atlanta Hawks,ATL,FALSE,25.1,29,53,27,55
2019,NBA,Boston Celtics,BOS,TRUE,25.7,49,33,52,30
2019,NBA,Brooklyn Nets,BRK,TRUE,25.4,42,40,41,41
2019,NBA,Chicago Bulls,CHI,FALSE,24,22,60,21,61
2019,NBA,Charlotte Hornets,CHO,FALSE,26.6,39,43,38,44
2019,NBA,Cleveland Cavaliers,CLE,FALSE,25.2,19,63,19,63
2019,NBA,Dallas Mavericks,DAL,FALSE,26.9,33,49,38,44
2019,NBA,Denver Nuggets,DEN,TRUE,24.9,54,28,51,31
2019,NBA,Detroit Pistons,DET,TRUE,26.9,41,41,40,42
2019,NBA,Golden State Warriors,GSW,TRUE,28.4,57,25,56,26
2019,NBA,Houston Rockets,HOU,TRUE,29.2,53,29,53,29
2019,NBA,Indiana Pacers,IND,TRUE,27,48,34,50,32
2019,NBA,Los Angeles Clippers,LAC,TRUE,27.2,48,34,43,39
2019,NBA,Los Angeles Lakers,LAL,FALSE,26.2,37,45,37,45
2019,NBA,Memphis Grizzlies,MEM,FALSE,27.7,33,49,34,48
2019,NBA,Miami Heat,MIA,FALSE,27,39,43,40,42
2019,NBA,Milwaukee Bucks,MIL,TRUE,26.9,60,22,61,21
2019,NBA,Minnesota Timberwolves,MIN,FALSE,26.2,36,46,37,45
2019,NBA,New Orleans Pelicans,NOP,FALSE,25.7,33,49,38,44
2019,NBA,New York Knicks,NYK,FALSE,23.4,17,65,19,63
2019,NBA,Oklahoma City Thunder,OKC,TRUE,25.7,49,33,50,32
2019,NBA,Orlando Magic,ORL,TRUE,25.7,42,40,43,39
2019,NBA,Philadelphia 76ers,PHI,TRUE,26.4,51,31,48,34
2019,NBA,Phoenix Suns,PHO,FALSE,24,19,63,19,63
2019,NBA,Portland Trail Blazers,POR,TRUE,26.2,53,29,51,31
2019,NBA,Sacramento Kings,SAC,FALSE,24.8,39,43,38,44
2019,NBA,San Antonio Spurs,SAS,TRUE,28.8,48,34,45,37
2019,NBA,Toronto Raptors,TOR,TRUE,27.3,58,24,56,26
2019,NBA,Utah Jazz,UTA,TRUE,27.3,50,32,54,28
2019,NBA,Washington Wizards,WAS,FALSE,26.5,32,50,34,48
2019,NBA,League Average,NA,FALSE,26.4,NA,NA,41,41
2018,NBA,Atlanta Hawks,ATL,FALSE,25.4,24,58,27,55
2018,NBA,Boston Celtics,BOS,TRUE,24.7,55,27,51,31
2018,NBA,Brooklyn Nets,BRK,FALSE,25.1,28,54,31,51
2018,NBA,Chicago Bulls,CHI,FALSE,24.4,27,55,23,59
2018,NBA,Charlotte Hornets,CHO,FALSE,26.6,36,46,42,40
2018,NBA,Cleveland Cavaliers,CLE,TRUE,30.6,50,32,43,39
2018,NBA,Dallas Mavericks,DAL,FALSE,27.7,24,58,33,49
2018,NBA,Denver Nuggets,DEN,FALSE,25.1,46,36,45,37
2018,NBA,Detroit Pistons,DET,FALSE,25.9,39,43,41,41
2018,NBA,Golden State Warriors,GSW,TRUE,28.8,58,24,56,26
2018,NBA,Houston Rockets,HOU,TRUE,29.8,65,17,61,21
2018,NBA,Indiana Pacers,IND,TRUE,26.2,48,34,45,37
2018,NBA,Los Angeles Clippers,LAC,FALSE,27,42,40,41,41
2018,NBA,Los Angeles Lakers,LAL,FALSE,23.7,35,47,37,45
2018,NBA,Memphis Grizzlies,MEM,FALSE,26,22,60,25,57
2018,NBA,Miami Heat,MIA,TRUE,26.5,44,38,42,40
2018,NBA,Milwaukee Bucks,MIL,TRUE,25.9,44,38,40,42
2018,NBA,Minnesota Timberwolves,MIN,TRUE,27.1,47,35,47,35
2018,NBA,New Orleans Pelicans,NOP,TRUE,27.6,48,34,44,38
2018,NBA,New York Knicks,NYK,FALSE,26.3,29,53,32,50
2018,NBA,Oklahoma City Thunder,OKC,TRUE,27.3,48,34,50,32
2018,NBA,Orlando Magic,ORL,FALSE,25.6,25,57,28,54
2018,NBA,Philadelphia 76ers,PHI,TRUE,25.8,52,30,53,29
2018,NBA,Phoenix Suns,PHO,FALSE,23.7,21,61,19,63
2018,NBA,Portland Trail Blazers,POR,TRUE,25.6,49,33,48,34
2018,NBA,Sacramento Kings,SAC,FALSE,26.4,27,55,23,59
2018,NBA,San Antonio Spurs,SAS,TRUE,29.3,47,35,49,33
2018,NBA,Toronto Raptors,TOR,TRUE,25.8,59,23,60,22
2018,NBA,Utah Jazz,UTA,TRUE,26.7,48,34,53,29
2018,NBA,Washington Wizards,WAS,TRUE,26.9,43,39,43,39
2018,NBA,League Average,NA,FALSE,26.6,NA,NA,41,41
2017,NBA,Atlanta Hawks,ATL,TRUE,27.9,43,39,39,43
2017,NBA,Boston Celtics,BOS,TRUE,25.9,53,29,48,34
2017,NBA,Brooklyn Nets,BRK,FALSE,26,20,62,24,58
2017,NBA,Chicago Bulls,CHI,TRUE,26.9,41,41,42,40
2017,NBA,Charlotte Hornets,CHO,FALSE,26.5,36,46,42,40
2017,NBA,Cleveland Cavaliers,CLE,TRUE,29.2,51,31,49,33
2017,NBA,Dallas Mavericks,DAL,FALSE,27.6,33,49,33,49
2017,NBA,Denver Nuggets,DEN,FALSE,25.2,40,42,42,40
2017,NBA,Detroit Pistons,DET,FALSE,25.4,37,45,38,44
2017,NBA,Golden State Warriors,GSW,TRUE,28.2,67,15,67,15
2017,NBA,Houston Rockets,HOU,TRUE,27.4,55,27,55,27
2017,NBA,Indiana Pacers,IND,TRUE,27,42,40,40,42
2017,NBA,Los Angeles Clippers,LAC,TRUE,30,51,31,52,30
2017,NBA,Los Angeles Lakers,LAL,FALSE,25.1,26,56,24,58
2017,NBA,Memphis Grizzlies,MEM,TRUE,29.5,43,39,42,40
2017,NBA,Miami Heat,MIA,FALSE,26.5,41,41,44,38
2017,NBA,Milwaukee Bucks,MIL,TRUE,25.6,42,40,40,42
2017,NBA,Minnesota Timberwolves,MIN,FALSE,24,31,51,38,44
2017,NBA,New Orleans Pelicans,NOP,FALSE,25.7,34,48,35,47
2017,NBA,New York Knicks,NYK,FALSE,27.3,31,51,31,51
2017,NBA,Oklahoma City Thunder,OKC,TRUE,24.7,47,35,43,39
2017,NBA,Orlando Magic,ORL,FALSE,25.3,29,53,24,58
2017,NBA,Philadelphia 76ers,PHI,FALSE,24.6,28,54,26,56
2017,NBA,Phoenix Suns,PHO,FALSE,25,24,58,27,55
2017,NBA,Portland Trail Blazers,POR,TRUE,24.8,41,41,40,42
2017,NBA,Sacramento Kings,SAC,FALSE,27.9,32,50,31,51
2017,NBA,San Antonio Spurs,SAS,TRUE,29.6,61,21,60,22
2017,NBA,Toronto Raptors,TOR,TRUE,26.1,51,31,52,30
2017,NBA,Utah Jazz,UTA,TRUE,26.8,51,31,52,30
2017,NBA,Washington Wizards,WAS,TRUE,26,49,33,46,36
2017,NBA,League Average,NA,FALSE,26.6,NA,NA,41,41
2016,NBA,Atlanta Hawks,ATL,TRUE,28.2,48,34,51,31
2016,NBA,Boston Celtics,BOS,TRUE,25.2,48,34,50,32
2016,NBA,Brooklyn Nets,BRK,FALSE,26.9,21,61,22,60
2016,NBA,Chicago Bulls,CHI,FALSE,27.6,42,40,37,45
2016,NBA,Charlotte Hornets,CHO,TRUE,26,48,34,49,33
2016,NBA,Cleveland Cavaliers,CLE,TRUE,28.1,57,25,57,25
2016,NBA,Dallas Mavericks,DAL,TRUE,30.3,42,40,40,42
2016,NBA,Denver Nuggets,DEN,FALSE,24.7,33,49,33,49
2016,NBA,Detroit Pistons,DET,TRUE,25,44,38,43,39
2016,NBA,Golden State Warriors,GSW,TRUE,27.4,73,9,65,17
2016,NBA,Houston Rockets,HOU,TRUE,27.8,41,41,42,40
2016,NBA,Indiana Pacers,IND,TRUE,26.9,45,37,46,36
2016,NBA,Los Angeles Clippers,LAC,TRUE,29.7,53,29,53,29
2016,NBA,Los Angeles Lakers,LAL,FALSE,26.5,17,65,17,65
2016,NBA,Memphis Grizzlies,MEM,TRUE,30.5,42,40,35,47
2016,NBA,Miami Heat,MIA,TRUE,28.4,48,34,46,36
2016,NBA,Milwaukee Bucks,MIL,FALSE,23.5,33,49,29,53
2016,NBA,Minnesota Timberwolves,MIN,FALSE,24.6,29,53,31,51
2016,NBA,New Orleans Pelicans,NOP,FALSE,26.6,30,52,31,51
2016,NBA,New York Knicks,NYK,FALSE,27.2,32,50,33,49
2016,NBA,Oklahoma City Thunder,OKC,TRUE,25.8,55,27,59,23
2016,NBA,Orlando Magic,ORL,FALSE,23.9,35,47,36,46
2016,NBA,Philadelphia 76ers,PHI,FALSE,23.3,10,72,16,66
2016,NBA,Phoenix Suns,PHO,FALSE,26,23,59,24,58
2016,NBA,Portland Trail Blazers,POR,TRUE,24.3,44,38,43,39
2016,NBA,Sacramento Kings,SAC,FALSE,26.6,33,49,34,48
2016,NBA,San Antonio Spurs,SAS,TRUE,30.3,67,15,67,15
2016,NBA,Toronto Raptors,TOR,TRUE,26.3,56,26,53,29
2016,NBA,Utah Jazz,UTA,FALSE,24.2,40,42,46,36
2016,NBA,Washington Wizards,WAS,FALSE,27.3,41,41,40,42
2016,NBA,League Average,NA,FALSE,26.8,NA,NA,41,41
2015,NBA,Atlanta Hawks,ATL,TRUE,27.8,60,22,56,26
2015,NBA,Boston Celtics,BOS,TRUE,25,40,42,41,41
2015,NBA,Brooklyn Nets,BRK,TRUE,28.6,38,44,33,49
2015,NBA,Chicago Bulls,CHI,TRUE,28.8,50,32,50,32
2015,NBA,Charlotte Hornets,CHO,FALSE,26,33,49,32,50
2015,NBA,Cleveland Cavaliers,CLE,TRUE,26.9,53,29,53,29
2015,NBA,Dallas Mavericks,DAL,TRUE,29.9,50,32,49,33
2015,NBA,Denver Nuggets,DEN,FALSE,26.4,30,52,31,51
2015,NBA,Detroit Pistons,DET,FALSE,25.9,32,50,38,44
2015,NBA,Golden State Warriors,GSW,TRUE,26.6,67,15,65,17
2015,NBA,Houston Rockets,HOU,TRUE,27.6,56,26,50,32
2015,NBA,Indiana Pacers,IND,FALSE,28.3,38,44,42,40
2015,NBA,Los Angeles Clippers,LAC,TRUE,28.8,56,26,58,24
2015,NBA,Los Angeles Lakers,LAL,FALSE,27,21,61,23,59
2015,NBA,Memphis Grizzlies,MEM,TRUE,29.6,55,27,50,32
2015,NBA,Miami Heat,MIA,FALSE,28.5,37,45,33,49
2015,NBA,Milwaukee Bucks,MIL,TRUE,24.6,41,41,42,40
2015,NBA,Minnesota Timberwolves,MIN,FALSE,24.4,16,66,19,63
2015,NBA,New Orleans Pelicans,NOP,TRUE,25.3,45,37,43,39
2015,NBA,New York Knicks,NYK,FALSE,26.9,17,65,17,65
2015,NBA,Oklahoma City Thunder,OKC,FALSE,25.4,45,37,47,35
2015,NBA,Orlando Magic,ORL,FALSE,24.3,25,57,25,57
2015,NBA,Philadelphia 76ers,PHI,FALSE,23.2,18,64,18,64
2015,NBA,Phoenix Suns,PHO,FALSE,25.7,39,43,38,44
2015,NBA,Portland Trail Blazers,POR,TRUE,27,51,31,53,29
2015,NBA,Sacramento Kings,SAC,FALSE,26,29,53,31,51
2015,NBA,San Antonio Spurs,SAS,TRUE,29.8,55,27,58,24
2015,NBA,Toronto Raptors,TOR,TRUE,26.1,49,33,49,33
2015,NBA,Utah Jazz,UTA,FALSE,23.4,38,44,42,40
2015,NBA,Washington Wizards,WAS,TRUE,28.6,46,36,43,39
2015,NBA,League Average,NA,FALSE,26.8,NA,NA,41,41
2014,NBA,Atlanta Hawks,ATL,TRUE,27.5,38,44,40,42
2014,NBA,Boston Celtics,BOS,FALSE,25.4,25,57,28,54
2014,NBA,Brooklyn Nets,BRK,TRUE,30,44,38,38,44
2014,NBA,Charlotte Bobcats,CHA,TRUE,25.5,43,39,40,42
2014,NBA,Chicago Bulls,CHI,TRUE,28.6,48,34,47,35
2014,NBA,Cleveland Cavaliers,CLE,FALSE,24.9,33,49,32,50
2014,NBA,Dallas Mavericks,DAL,TRUE,30.6,49,33,48,34
2014,NBA,Denver Nuggets,DEN,FALSE,26,36,46,35,47
2014,NBA,Detroit Pistons,DET,FALSE,24.7,29,53,31,51
2014,NBA,Golden State Warriors,GSW,TRUE,26.3,51,31,54,28
2014,NBA,Houston Rockets,HOU,TRUE,25.4,54,28,53,29
2014,NBA,Indiana Pacers,IND,TRUE,27.2,56,26,54,28
2014,NBA,Los Angeles Clippers,LAC,TRUE,28.1,57,25,59,23
2014,NBA,Los Angeles Lakers,LAL,FALSE,26.8,27,55,25,57
2014,NBA,Memphis Grizzlies,MEM,TRUE,28.5,50,32,46,36
2014,NBA,Miami Heat,MIA,TRUE,30.6,54,28,54,28
2014,NBA,Milwaukee Bucks,MIL,FALSE,24.7,15,67,20,62
2014,NBA,Minnesota Timberwolves,MIN,FALSE,26.3,40,42,48,34
2014,NBA,New Orleans Pelicans,NOP,FALSE,24.3,34,48,33,49
2014,NBA,New York Knicks,NYK,FALSE,28.3,37,45,39,43
2014,NBA,Oklahoma City Thunder,OKC,TRUE,26.2,59,23,58,24
2014,NBA,Orlando Magic,ORL,FALSE,24.6,23,59,26,56
2014,NBA,Philadelphia 76ers,PHI,FALSE,23.4,19,63,16,66
2014,NBA,Phoenix Suns,PHO,FALSE,26.2,48,34,48,34
2014,NBA,Portland Trail Blazers,POR,TRUE,25.8,54,28,52,30
2014,NBA,Sacramento Kings,SAC,FALSE,24.9,28,54,33,49
2014,NBA,San Antonio Spurs,SAS,TRUE,28.9,62,20,61,21
2014,NBA,Toronto Raptors,TOR,TRUE,25.6,48,34,50,32
2014,NBA,Utah Jazz,UTA,FALSE,24.5,25,57,22,60
2014,NBA,Washington Wizards,WAS,TRUE,26.3,44,38,45,37
2014,NBA,League Average,NA,FALSE,26.6,NA,NA,41,41
2013,NBA,Atlanta Hawks,ATL,TRUE,27.1,44,38,42,40
2013,NBA,Boston Celtics,BOS,TRUE,29.1,41,40,40,41
2013,NBA,Brooklyn Nets,BRK,TRUE,28.6,49,33,46,36
2013,NBA,Charlotte Bobcats,CHA,FALSE,24.4,21,61,17,65
2013,NBA,Chicago Bulls,CHI,TRUE,28,45,37,42,40
2013,NBA,Cleveland Cavaliers,CLE,FALSE,24.1,24,58,28,54
2013,NBA,Dallas Mavericks,DAL,FALSE,29.5,41,41,39,43
2013,NBA,Denver Nuggets,DEN,TRUE,26.1,57,25,55,27
2013,NBA,Detroit Pistons,DET,FALSE,25.3,29,53,29,53
2013,NBA,Golden State Warriors,GSW,TRUE,25.3,47,35,44,38
2013,NBA,Houston Rockets,HOU,TRUE,24.4,45,37,50,32
2013,NBA,Indiana Pacers,IND,TRUE,25.7,49,32,52,29
2013,NBA,Los Angeles Clippers,LAC,TRUE,28.8,56,26,59,23
2013,NBA,Los Angeles Lakers,LAL,TRUE,30.7,45,37,44,38
2013,NBA,Memphis Grizzlies,MEM,TRUE,27,56,26,54,28
2013,NBA,Miami Heat,MIA,TRUE,30.3,66,16,62,20
2013,NBA,Milwaukee Bucks,MIL,TRUE,26.4,38,44,37,45
2013,NBA,Minnesota Timberwolves,MIN,FALSE,26.4,31,51,34,48
2013,NBA,New Orleans Hornets,NOH,FALSE,24,27,55,30,52
2013,NBA,New York Knicks,NYK,TRUE,30.2,54,28,53,29
2013,NBA,Oklahoma City Thunder,OKC,TRUE,26,60,22,64,18
2013,NBA,Orlando Magic,ORL,FALSE,24.6,20,62,22,60
2013,NBA,Philadelphia 76ers,PHI,FALSE,25.2,34,48,31,51
2013,NBA,Phoenix Suns,PHO,FALSE,26.9,25,57,23,59
2013,NBA,Portland Trail Blazers,POR,FALSE,24.4,33,49,32,50
2013,NBA,Sacramento Kings,SAC,FALSE,25.6,28,54,28,54
2013,NBA,San Antonio Spurs,SAS,TRUE,28.6,58,24,58,24
2013,NBA,Toronto Raptors,TOR,FALSE,25.4,34,48,37,45
2013,NBA,Utah Jazz,UTA,FALSE,26.3,43,39,41,41
2013,NBA,Washington Wizards,WAS,FALSE,25.4,29,53,33,49
2013,NBA,League Average,NA,FALSE,26.7,NA,NA,41,41
2012,NBA,Atlanta Hawks,ATL,TRUE,27.9,40,26,41,25
2012,NBA,Boston Celtics,BOS,TRUE,29.3,39,27,39,27
2012,NBA,Charlotte Bobcats,CHA,FALSE,24.5,7,59,7,59
2012,NBA,Chicago Bulls,CHI,TRUE,27.1,50,16,51,15
2012,NBA,Cleveland Cavaliers,CLE,FALSE,26,21,45,17,49
2012,NBA,Dallas Mavericks,DAL,TRUE,31.3,36,30,35,31
2012,NBA,Denver Nuggets,DEN,TRUE,26.6,38,28,39,27
2012,NBA,Detroit Pistons,DET,FALSE,26.3,25,41,22,44
2012,NBA,Golden State Warriors,GSW,FALSE,25.3,23,43,25,41
2012,NBA,Houston Rockets,HOU,FALSE,26.2,34,32,34,32
2012,NBA,Indiana Pacers,IND,TRUE,26.3,42,24,41,25
2012,NBA,Los Angeles Clippers,LAC,TRUE,27.3,40,26,39,27
2012,NBA,Los Angeles Lakers,LAL,TRUE,29.7,41,25,36,30
2012,NBA,Memphis Grizzlies,MEM,TRUE,25.6,41,25,38,28
2012,NBA,Miami Heat,MIA,TRUE,28.3,46,20,47,19
2012,NBA,Milwaukee Bucks,MIL,FALSE,26.2,31,35,34,32
2012,NBA,Minnesota Timberwolves,MIN,FALSE,24.4,26,40,28,38
2012,NBA,New Jersey Nets,NJN,FALSE,26.1,22,44,19,47
2012,NBA,New Orleans Hornets,NOH,FALSE,25.5,21,45,24,42
2012,NBA,New York Knicks,NYK,TRUE,26.3,36,30,41,25
2012,NBA,Oklahoma City Thunder,OKC,TRUE,25.1,47,19,46,20
2012,NBA,Orlando Magic,ORL,TRUE,27.5,37,29,35,31
2012,NBA,Philadelphia 76ers,PHI,TRUE,24.9,35,31,43,23
2012,NBA,Phoenix Suns,PHO,FALSE,28.9,33,33,32,34
2012,NBA,Portland Trail Blazers,POR,FALSE,27.5,28,38,32,34
2012,NBA,Sacramento Kings,SAC,FALSE,24.3,22,44,21,45
2012,NBA,San Antonio Spurs,SAS,TRUE,27.5,50,16,48,18
2012,NBA,Toronto Raptors,TOR,FALSE,25.7,23,43,25,41
2012,NBA,Utah Jazz,UTA,TRUE,25.6,36,30,34,32
2012,NBA,Washington Wizards,WAS,FALSE,24.2,20,46,22,44
2012,NBA,League Average,NA,FALSE,26.7,NA,NA,33,33
2011,NBA,Atlanta Hawks,ATL,TRUE,27.4,44,38,39,43
2011,NBA,Boston Celtics,BOS,TRUE,29.5,56,26,57,25
2011,NBA,Charlotte Bobcats,CHA,FALSE,26.9,34,48,29,53
2011,NBA,Chicago Bulls,CHI,TRUE,26.4,62,20,61,21
2011,NBA,Cleveland Cavaliers,CLE,FALSE,26.6,19,63,18,64
2011,NBA,Dallas Mavericks,DAL,TRUE,30.9,57,25,53,29
2011,NBA,Denver Nuggets,DEN,TRUE,27.3,50,32,54,28
2011,NBA,Detroit Pistons,DET,FALSE,27.2,30,52,31,51
2011,NBA,Golden State Warriors,GSW,FALSE,25.2,36,46,35,47
2011,NBA,Houston Rockets,HOU,FALSE,26.5,43,39,47,35
2011,NBA,Indiana Pacers,IND,TRUE,25.9,37,45,38,44
2011,NBA,Los Angeles Clippers,LAC,FALSE,24.6,32,50,32,50
2011,NBA,Los Angeles Lakers,LAL,TRUE,30.2,57,25,58,24
2011,NBA,Memphis Grizzlies,MEM,TRUE,25.2,46,36,48,34
2011,NBA,Miami Heat,MIA,TRUE,29,58,24,61,21
2011,NBA,Milwaukee Bucks,MIL,FALSE,26.7,35,47,38,44
2011,NBA,Minnesota Timberwolves,MIN,FALSE,23.8,17,65,24,58
2011,NBA,New Jersey Nets,NJN,FALSE,24.8,24,58,24,58
2011,NBA,New Orleans Hornets,NOH,TRUE,26.3,46,36,44,38
2011,NBA,New York Knicks,NYK,TRUE,25.3,42,40,43,39
2011,NBA,Oklahoma City Thunder,OKC,TRUE,23.7,55,27,51,31
2011,NBA,Orlando Magic,ORL,TRUE,27.6,52,30,56,26
2011,NBA,Philadelphia 76ers,PHI,TRUE,24.7,41,41,45,37
2011,NBA,Phoenix Suns,PHO,FALSE,29.6,40,42,39,43
2011,NBA,Portland Trail Blazers,POR,TRUE,26.7,48,34,46,36
2011,NBA,Sacramento Kings,SAC,FALSE,24.8,24,58,27,55
2011,NBA,San Antonio Spurs,SAS,TRUE,28.8,61,21,56,26
2011,NBA,Toronto Raptors,TOR,FALSE,24.5,22,60,24,58
2011,NBA,Utah Jazz,UTA,FALSE,26.8,39,43,36,46
2011,NBA,Washington Wizards,WAS,FALSE,24.9,23,59,22,60
2011,NBA,League Average,NA,FALSE,26.7,NA,NA,41,41
2010,NBA,Atlanta Hawks,ATL,TRUE,26.5,53,29,54,28
2010,NBA,Boston Celtics,BOS,TRUE,29.4,50,32,52,30
2010,NBA,Charlotte Bobcats,CHA,TRUE,27.4,44,38,45,37
2010,NBA,Chicago Bulls,CHI,TRUE,26.2,41,41,36,46
2010,NBA,Cleveland Cavaliers,CLE,TRUE,28,61,21,59,23
2010,NBA,Dallas Mavericks,DAL,TRUE,30.7,55,27,49,33
2010,NBA,Denver Nuggets,DEN,TRUE,27.7,53,29,52,30
2010,NBA,Detroit Pistons,DET,FALSE,26.7,27,55,26,56
2010,NBA,Golden State Warriors,GSW,FALSE,25.1,26,56,32,50
2010,NBA,Houston Rockets,HOU,FALSE,26,42,40,40,42
2010,NBA,Indiana Pacers,IND,FALSE,26.6,32,50,33,49
2010,NBA,Los Angeles Clippers,LAC,FALSE,27.3,29,53,24,58
2010,NBA,Los Angeles Lakers,LAL,TRUE,28.4,57,25,54,28
2010,NBA,Memphis Grizzlies,MEM,FALSE,24.1,40,42,37,45
2010,NBA,Miami Heat,MIA,TRUE,27.1,47,35,48,34
2010,NBA,Milwaukee Bucks,MIL,TRUE,26.4,46,36,46,36
2010,NBA,Minnesota Timberwolves,MIN,FALSE,24.1,15,67,17,65
2010,NBA,New Jersey Nets,NJN,FALSE,24.8,12,70,17,65
2010,NBA,New Orleans Hornets,NOH,FALSE,27.5,37,45,34,48
2010,NBA,New York Knicks,NYK,FALSE,25.4,29,53,31,51
2010,NBA,Oklahoma City Thunder,OKC,TRUE,23.2,50,32,51,31
2010,NBA,Orlando Magic,ORL,TRUE,27.9,59,23,61,21
2010,NBA,Philadelphia 76ers,PHI,FALSE,25.4,27,55,30,52
2010,NBA,Phoenix Suns,PHO,TRUE,28.5,54,28,54,28
2010,NBA,Portland Trail Blazers,POR,TRUE,26.6,50,32,51,31
2010,NBA,Sacramento Kings,SAC,FALSE,24.1,25,57,29,53
2010,NBA,San Antonio Spurs,SAS,TRUE,28.7,50,32,55,27
2010,NBA,Toronto Raptors,TOR,FALSE,25.2,40,42,36,46
2010,NBA,Utah Jazz,UTA,TRUE,25.6,53,29,55,27
2010,NBA,Washington Wizards,WAS,FALSE,27.6,26,56,28,54
2010,NBA,League Average,NA,FALSE,26.8,NA,NA,41,41
2009,NBA,Atlanta Hawks,ATL,TRUE,25.8,47,35,46,36
2009,NBA,Boston Celtics,BOS,TRUE,27.8,62,20,61,21
2009,NBA,Charlotte Bobcats,CHA,FALSE,25.8,35,47,37,45
2009,NBA,Chicago Bulls,CHI,TRUE,24.9,41,41,40,42
2009,NBA,Cleveland Cavaliers,CLE,TRUE,26.6,66,16,65,17
2009,NBA,Dallas Mavericks,DAL,TRUE,29,50,32,47,35
2009,NBA,Denver Nuggets,DEN,TRUE,27.7,54,28,50,32
2009,NBA,Detroit Pistons,DET,TRUE,28.2,39,43,40,42
2009,NBA,Golden State Warriors,GSW,FALSE,25,29,53,31,51
2009,NBA,Houston Rockets,HOU,TRUE,27.9,53,29,53,29
2009,NBA,Indiana Pacers,IND,FALSE,26.5,36,46,38,44
2009,NBA,Los Angeles Clippers,LAC,FALSE,26.6,19,63,18,64
2009,NBA,Los Angeles Lakers,LAL,TRUE,27.4,65,17,61,21
2009,NBA,Memphis Grizzlies,MEM,FALSE,23.3,24,58,26,56
2009,NBA,Miami Heat,MIA,TRUE,25.6,43,39,42,40
2009,NBA,Milwaukee Bucks,MIL,FALSE,26.3,34,48,38,44
2009,NBA,Minnesota Timberwolves,MIN,FALSE,25.4,24,58,27,55
2009,NBA,New Jersey Nets,NJN,FALSE,25.7,34,48,34,48
2009,NBA,New Orleans Hornets,NOH,TRUE,28.2,49,33,46,36
2009,NBA,New York Knicks,NYK,FALSE,25.7,32,50,34,48
2009,NBA,Oklahoma City Thunder,OKC,FALSE,24.5,23,59,24,58
2009,NBA,Orlando Magic,ORL,TRUE,27.3,59,23,59,23
2009,NBA,Philadelphia 76ers,PHI,TRUE,26.1,41,41,41,41
2009,NBA,Phoenix Suns,PHO,FALSE,29.5,46,36,46,36
2009,NBA,Portland Trail Blazers,POR,TRUE,24,54,28,56,26
2009,NBA,Sacramento Kings,SAC,FALSE,26.3,17,65,19,63
2009,NBA,San Antonio Spurs,SAS,TRUE,30.4,54,28,52,30
2009,NBA,Toronto Raptors,TOR,FALSE,27,33,49,33,49
2009,NBA,Utah Jazz,UTA,TRUE,25.5,48,34,48,34
2009,NBA,Washington Wizards,WAS,FALSE,26.9,19,63,21,61
2009,NBA,League Average,NA,FALSE,26.8,NA,NA,41,41
2008,NBA,Atlanta Hawks,ATL,TRUE,24.2,37,45,36,46
2008,NBA,Boston Celtics,BOS,TRUE,27.9,66,16,67,15
2008,NBA,Charlotte Bobcats,CHA,FALSE,26.3,32,50,29,53
2008,NBA,Chicago Bulls,CHI,FALSE,25.7,33,49,32,50
2008,NBA,Cleveland Cavaliers,CLE,TRUE,27.1,45,37,40,42
2008,NBA,Dallas Mavericks,DAL,TRUE,28.9,51,31,54,28
2008,NBA,Denver Nuggets,DEN,TRUE,28.5,50,32,51,31
2008,NBA,Detroit Pistons,DET,TRUE,28.3,59,23,62,20
2008,NBA,Golden State Warriors,GSW,FALSE,25.5,48,34,47,35
2008,NBA,Houston Rockets,HOU,TRUE,28.3,55,27,55,27
2008,NBA,Indiana Pacers,IND,FALSE,26.7,36,46,37,45
2008,NBA,Los Angeles Clippers,LAC,FALSE,28.5,23,59,21,61
2008,NBA,Los Angeles Lakers,LAL,TRUE,26.7,57,25,59,23
2008,NBA,Memphis Grizzlies,MEM,FALSE,24.5,22,60,25,57
2008,NBA,Miami Heat,MIA,FALSE,27.4,15,67,18,64
2008,NBA,Milwaukee Bucks,MIL,FALSE,25.8,26,56,23,59
2008,NBA,Minnesota Timberwolves,MIN,FALSE,24.6,22,60,23,59
2008,NBA,New Jersey Nets,NJN,FALSE,27.4,34,48,27,55
2008,NBA,New Orleans Hornets,NOH,TRUE,27.1,56,26,56,26
2008,NBA,New York Knicks,NYK,FALSE,25.7,23,59,23,59
2008,NBA,Orlando Magic,ORL,TRUE,26.7,52,30,56,26
2008,NBA,Philadelphia 76ers,PHI,TRUE,25.3,40,42,42,40
2008,NBA,Phoenix Suns,PHO,TRUE,29.3,55,27,54,28
2008,NBA,Portland Trail Blazers,POR,FALSE,24.1,41,41,38,44
2008,NBA,Sacramento Kings,SAC,FALSE,27.3,38,44,35,47
2008,NBA,San Antonio Spurs,SAS,TRUE,31.4,56,26,55,27
2008,NBA,Seattle SuperSonics,SEA,FALSE,25.4,20,62,19,63
2008,NBA,Toronto Raptors,TOR,TRUE,26.3,41,41,49,33
2008,NBA,Utah Jazz,UTA,TRUE,25.3,54,28,59,23
2008,NBA,Washington Wizards,WAS,TRUE,27.2,43,39,40,42
2008,NBA,League Average,NA,FALSE,27,NA,NA,41,41
2007,NBA,Atlanta Hawks,ATL,FALSE,24.1,30,52,27,55
2007,NBA,Boston Celtics,BOS,FALSE,23.5,24,58,31,51
2007,NBA,Charlotte Bobcats,CHA,FALSE,25.5,33,49,30,52
2007,NBA,Chicago Bulls,CHI,TRUE,26,49,33,55,27
2007,NBA,Cleveland Cavaliers,CLE,TRUE,26.9,50,32,52,30
2007,NBA,Dallas Mavericks,DAL,TRUE,28.1,67,15,61,21
2007,NBA,Denver Nuggets,DEN,TRUE,26.5,45,37,45,37
2007,NBA,Detroit Pistons,DET,TRUE,29,53,29,53,29
2007,NBA,Golden State Warriors,GSW,TRUE,24.6,42,40,40,42
2007,NBA,Houston Rockets,HOU,TRUE,28.2,52,30,55,27
2007,NBA,Indiana Pacers,IND,FALSE,27.2,35,47,34,48
2007,NBA,Los Angeles Clippers,LAC,FALSE,27.5,40,42,40,42
2007,NBA,Los Angeles Lakers,LAL,TRUE,25.3,42,40,41,41
2007,NBA,Memphis Grizzlies,MEM,FALSE,26.2,22,60,27,55
2007,NBA,Miami Heat,MIA,TRUE,29.3,44,38,38,44
2007,NBA,Milwaukee Bucks,MIL,FALSE,26,28,54,29,53
2007,NBA,Minnesota Timberwolves,MIN,FALSE,27.7,32,50,30,52
2007,NBA,New Jersey Nets,NJN,TRUE,28.2,41,41,39,43
2007,NBA,New Orleans/Oklahoma City Hornets,NOK,FALSE,26.4,39,43,36,46
2007,NBA,New York Knicks,NYK,FALSE,25.4,33,49,33,49
2007,NBA,Orlando Magic,ORL,TRUE,25.6,40,42,43,39
2007,NBA,Philadelphia 76ers,PHI,FALSE,26.2,35,47,32,50
2007,NBA,Phoenix Suns,PHO,TRUE,27.6,61,21,59,23
2007,NBA,Portland Trail Blazers,POR,FALSE,24.4,32,50,29,53
2007,NBA,Sacramento Kings,SAC,FALSE,27.3,33,49,36,46
2007,NBA,San Antonio Spurs,SAS,TRUE,30.4,58,24,64,18
2007,NBA,Seattle SuperSonics,SEA,FALSE,25.9,31,51,33,49
2007,NBA,Toronto Raptors,TOR,TRUE,26,47,35,44,38
2007,NBA,Utah Jazz,UTA,TRUE,25.9,51,31,49,33
2007,NBA,Washington Wizards,WAS,TRUE,26.8,41,41,40,42
2007,NBA,League Average,NA,FALSE,26.7,NA,NA,41,41
2006,NBA,Atlanta Hawks,ATL,FALSE,22.7,26,56,28,54
2006,NBA,Boston Celtics,BOS,FALSE,25.3,33,49,37,45
2006,NBA,Charlotte Bobcats,CHA,FALSE,25.2,26,56,30,52
2006,NBA,Chicago Bulls,CHI,TRUE,24.1,41,41,43,39
2006,NBA,Cleveland Cavaliers,CLE,TRUE,27.1,50,32,48,34
2006,NBA,Dallas Mavericks,DAL,TRUE,27.5,60,22,58,24
2006,NBA,Denver Nuggets,DEN,TRUE,27.4,44,38,42,40
2006,NBA,Detroit Pistons,DET,TRUE,28.5,64,18,60,22
2006,NBA,Golden State Warriors,GSW,FALSE,25.6,34,48,37,45
2006,NBA,Houston Rockets,HOU,FALSE,28.8,34,48,36,46
2006,NBA,Indiana Pacers,IND,TRUE,27.3,41,41,47,35
2006,NBA,Los Angeles Clippers,LAC,TRUE,26.8,47,35,46,36
2006,NBA,Los Angeles Lakers,LAL,TRUE,25.1,45,37,48,34
2006,NBA,Memphis Grizzlies,MEM,TRUE,28.1,49,33,52,30
2006,NBA,Miami Heat,MIA,TRUE,29.2,52,30,52,30
2006,NBA,Milwaukee Bucks,MIL,TRUE,25.5,40,42,38,44
2006,NBA,Minnesota Timberwolves,MIN,FALSE,26.7,33,49,35,47
2006,NBA,New Jersey Nets,NJN,TRUE,28.6,49,33,45,37
2006,NBA,New Orleans/Oklahoma City Hornets,NOK,FALSE,26.3,38,44,33,49
2006,NBA,New York Knicks,NYK,FALSE,25.6,23,59,24,58
2006,NBA,Orlando Magic,ORL,FALSE,25.5,36,46,38,44
2006,NBA,Philadelphia 76ers,PHI,FALSE,26.5,38,44,35,47
2006,NBA,Phoenix Suns,PHO,TRUE,27.5,54,28,55,27
2006,NBA,Portland Trail Blazers,POR,FALSE,24.6,21,61,16,66
2006,NBA,Sacramento Kings,SAC,TRUE,27.2,44,38,45,37
2006,NBA,San Antonio Spurs,SAS,TRUE,29.8,63,19,61,21
2006,NBA,Seattle SuperSonics,SEA,FALSE,25.6,35,47,33,49
2006,NBA,Toronto Raptors,TOR,FALSE,25.9,27,55,33,49
2006,NBA,Utah Jazz,UTA,FALSE,25.6,41,41,33,49
2006,NBA,Washington Wizards,WAS,TRUE,26.5,42,40,46,36
2006,NBA,League Average,NA,FALSE,26.6,NA,NA,41,41
2005,NBA,Atlanta Hawks,ATL,FALSE,26,13,69,16,66
2005,NBA,Boston Celtics,BOS,TRUE,27.1,45,37,43,39
2005,NBA,Charlotte Bobcats,CHA,FALSE,24.9,18,64,24,58
2005,NBA,Chicago Bulls,CHI,TRUE,25,47,35,44,38
2005,NBA,Cleveland Cavaliers,CLE,FALSE,26.5,42,40,43,39
2005,NBA,Dallas Mavericks,DAL,TRUE,27.7,58,24,57,25
2005,NBA,Denver Nuggets,DEN,TRUE,26.7,49,33,47,35
2005,NBA,Detroit Pistons,DET,TRUE,27.9,54,28,53,29
2005,NBA,Golden State Warriors,GSW,FALSE,26.7,34,48,35,47
2005,NBA,Houston Rockets,HOU,TRUE,29.7,51,31,53,29
2005,NBA,Indiana Pacers,IND,TRUE,28.3,44,38,43,39
2005,NBA,Los Angeles Clippers,LAC,FALSE,25.5,37,45,39,43
2005,NBA,Los Angeles Lakers,LAL,FALSE,26,34,48,33,49
2005,NBA,Memphis Grizzlies,MEM,TRUE,26.3,45,37,48,34
2005,NBA,Miami Heat,MIA,TRUE,28,59,23,59,23
2005,NBA,Milwaukee Bucks,MIL,FALSE,26.9,30,52,32,50
2005,NBA,Minnesota Timberwolves,MIN,FALSE,29,44,38,45,37
2005,NBA,New Jersey Nets,NJN,TRUE,27.8,42,40,36,46
2005,NBA,New Orleans Hornets,NOH,FALSE,27.5,18,64,21,61
2005,NBA,New York Knicks,NYK,FALSE,27.3,33,49,34,48
2005,NBA,Orlando Magic,ORL,FALSE,26.5,36,46,35,47
2005,NBA,Philadelphia 76ers,PHI,TRUE,26.4,43,39,39,43
2005,NBA,Phoenix Suns,PHO,TRUE,25.2,62,20,59,23
2005,NBA,Portland Trail Blazers,POR,FALSE,27,27,55,29,53
2005,NBA,Sacramento Kings,SAC,TRUE,27.7,50,32,47,35
2005,NBA,San Antonio Spurs,SAS,TRUE,28.5,59,23,63,19
2005,NBA,Seattle SuperSonics,SEA,TRUE,26,52,30,48,34
2005,NBA,Toronto Raptors,TOR,FALSE,27,33,49,36,46
2005,NBA,Utah Jazz,UTA,FALSE,25.7,26,56,29,53
2005,NBA,Washington Wizards,WAS,TRUE,25.3,45,37,40,42
2005,NBA,League Average,NA,FALSE,27.1,NA,NA,41,41
2004,NBA,Atlanta Hawks,ATL,FALSE,26.2,28,54,28,54
2004,NBA,Boston Celtics,BOS,TRUE,26.4,36,46,37,45
2004,NBA,Chicago Bulls,CHI,FALSE,26.8,23,59,23,59
2004,NBA,Cleveland Cavaliers,CLE,FALSE,24.9,35,47,33,49
2004,NBA,Dallas Mavericks,DAL,TRUE,27.4,52,30,53,29
2004,NBA,Denver Nuggets,DEN,TRUE,25.6,43,39,44,38
2004,NBA,Detroit Pistons,DET,TRUE,27.4,54,28,59,23
2004,NBA,Golden State Warriors,GSW,FALSE,28.1,37,45,39,43
2004,NBA,Houston Rockets,HOU,TRUE,28.3,45,37,47,35
2004,NBA,Indiana Pacers,IND,TRUE,27.1,61,21,58,24
2004,NBA,Los Angeles Clippers,LAC,FALSE,24.3,28,54,28,54
2004,NBA,Los Angeles Lakers,LAL,TRUE,29.8,56,26,52,30
2004,NBA,Memphis Grizzlies,MEM,TRUE,26,50,32,48,34
2004,NBA,Miami Heat,MIA,TRUE,26.4,42,40,43,39
2004,NBA,Milwaukee Bucks,MIL,TRUE,26.5,41,41,44,38
2004,NBA,Minnesota Timberwolves,MIN,TRUE,29.7,58,24,57,25
2004,NBA,New Jersey Nets,NJN,TRUE,27.7,47,35,49,33
2004,NBA,New Orleans Hornets,NOH,TRUE,30.3,41,41,41,41
2004,NBA,New York Knicks,NYK,TRUE,29.6,39,43,36,46
2004,NBA,Orlando Magic,ORL,FALSE,25.8,21,61,22,60
2004,NBA,Philadelphia 76ers,PHI,FALSE,27.5,33,49,33,49
2004,NBA,Phoenix Suns,PHO,FALSE,24.4,29,53,30,52
2004,NBA,Portland Trail Blazers,POR,FALSE,27.6,41,41,37,45
2004,NBA,Sacramento Kings,SAC,TRUE,29.3,55,27,55,27
2004,NBA,San Antonio Spurs,SAS,TRUE,27.3,57,25,62,20
2004,NBA,Seattle SuperSonics,SEA,FALSE,26,37,45,39,43
2004,NBA,Toronto Raptors,TOR,FALSE,27.6,33,49,31,51
2004,NBA,Utah Jazz,UTA,FALSE,24.9,42,40,37,45
2004,NBA,Washington Wizards,WAS,FALSE,24.4,25,57,25,57
2004,NBA,League Average,NA,FALSE,27.2,NA,NA,41,41
2003,NBA,Atlanta Hawks,ATL,FALSE,27.2,35,47,31,51
2003,NBA,Boston Celtics,BOS,TRUE,26.9,44,38,40,42
2003,NBA,Chicago Bulls,CHI,FALSE,25.2,30,52,27,55
2003,NBA,Cleveland Cavaliers,CLE,FALSE,23.5,17,65,16,66
2003,NBA,Dallas Mavericks,DAL,TRUE,28.1,60,22,62,20
2003,NBA,Denver Nuggets,DEN,FALSE,24.1,17,65,17,65
2003,NBA,Detroit Pistons,DET,TRUE,29,50,32,52,30
2003,NBA,Golden State Warriors,GSW,FALSE,24.4,38,44,38,44
2003,NBA,Houston Rockets,HOU,FALSE,25.9,43,39,46,36
2003,NBA,Indiana Pacers,IND,TRUE,25.9,48,34,51,31
2003,NBA,Los Angeles Clippers,LAC,FALSE,25.3,27,55,29,53
2003,NBA,Los Angeles Lakers,LAL,TRUE,28.1,50,32,48,34
2003,NBA,Memphis Grizzlies,MEM,FALSE,24.9,28,54,32,50
2003,NBA,Miami Heat,MIA,FALSE,26.5,25,57,25,57
2003,NBA,Milwaukee Bucks,MIL,TRUE,29.3,42,40,42,40
2003,NBA,Minnesota Timberwolves,MIN,TRUE,28.2,51,31,47,35
2003,NBA,New Jersey Nets,NJN,TRUE,27.3,49,33,56,26
2003,NBA,New Orleans Hornets,NOH,TRUE,29.1,47,35,47,35
2003,NBA,New York Knicks,NYK,FALSE,30.2,37,45,37,45
2003,NBA,Orlando Magic,ORL,TRUE,26.9,42,40,41,41
2003,NBA,Philadelphia 76ers,PHI,TRUE,28.3,48,34,48,34
2003,NBA,Phoenix Suns,PHO,TRUE,25.2,44,38,44,38
2003,NBA,Portland Trail Blazers,POR,TRUE,29.2,50,32,49,33
2003,NBA,Sacramento Kings,SAC,TRUE,28.3,59,23,59,23
2003,NBA,San Antonio Spurs,SAS,TRUE,28.4,60,22,57,25
2003,NBA,Seattle SuperSonics,SEA,FALSE,26.9,40,42,41,41
2003,NBA,Toronto Raptors,TOR,FALSE,27.6,24,58,24,58
2003,NBA,Utah Jazz,UTA,TRUE,30.9,47,35,48,34
2003,NBA,Washington Wizards,WAS,FALSE,28.4,37,45,38,44
2003,NBA,League Average,NA,FALSE,27.2,NA,NA,41,41
2002,NBA,Atlanta Hawks,ATL,FALSE,25.7,33,49,29,53
2002,NBA,Boston Celtics,BOS,TRUE,26.2,49,33,48,34
2002,NBA,Charlotte Hornets,CHH,TRUE,28.3,44,38,44,38
2002,NBA,Chicago Bulls,CHI,FALSE,25.5,21,61,18,64
2002,NBA,Cleveland Cavaliers,CLE,FALSE,26,29,53,31,51
2002,NBA,Dallas Mavericks,DAL,TRUE,27.6,57,25,53,29
2002,NBA,Denver Nuggets,DEN,FALSE,28.2,27,55,24,58
2002,NBA,Detroit Pistons,DET,TRUE,29.5,50,32,48,34
2002,NBA,Golden State Warriors,GSW,FALSE,24.8,21,61,26,56
2002,NBA,Houston Rockets,HOU,FALSE,25.9,28,54,27,55
2002,NBA,Indiana Pacers,IND,TRUE,26.1,42,40,42,40
2002,NBA,Los Angeles Clippers,LAC,FALSE,24.4,39,43,40,42
2002,NBA,Los Angeles Lakers,LAL,TRUE,27.9,58,24,60,22
2002,NBA,Memphis Grizzlies,MEM,FALSE,25.5,23,59,20,62
2002,NBA,Miami Heat,MIA,FALSE,30.1,36,46,36,46
2002,NBA,Milwaukee Bucks,MIL,FALSE,28.9,41,41,40,42
2002,NBA,Minnesota Timberwolves,MIN,TRUE,26.7,50,32,51,31
2002,NBA,New Jersey Nets,NJN,TRUE,26.1,52,30,53,29
2002,NBA,New York Knicks,NYK,FALSE,30.3,30,52,29,53
2002,NBA,Orlando Magic,ORL,TRUE,28,44,38,46,36
2002,NBA,Philadelphia 76ers,PHI,TRUE,29,43,39,46,36
2002,NBA,Phoenix Suns,PHO,FALSE,26.5,36,46,39,43
2002,NBA,Portland Trail Blazers,POR,TRUE,29,49,33,50,32
2002,NBA,Sacramento Kings,SAC,TRUE,27,61,21,61,21
2002,NBA,San Antonio Spurs,SAS,TRUE,28.5,58,24,59,23
2002,NBA,Seattle SuperSonics,SEA,TRUE,26.9,45,37,50,32
2002,NBA,Toronto Raptors,TOR,TRUE,29.3,42,40,40,42
2002,NBA,Utah Jazz,UTA,TRUE,29.9,44,38,44,38
2002,NBA,Washington Wizards,WAS,FALSE,27.5,37,45,37,45
2002,NBA,League Average,NA,FALSE,27.4,NA,NA,41,41
2001,NBA,Atlanta Hawks,ATL,FALSE,26.1,25,57,26,56
2001,NBA,Boston Celtics,BOS,FALSE,25.9,36,46,35,47
2001,NBA,Charlotte Hornets,CHH,TRUE,28.2,46,36,48,34
2001,NBA,Chicago Bulls,CHI,FALSE,23.2,15,67,16,66
2001,NBA,Cleveland Cavaliers,CLE,FALSE,26.9,30,52,28,54
2001,NBA,Dallas Mavericks,DAL,TRUE,26.6,53,29,53,29
2001,NBA,Denver Nuggets,DEN,FALSE,27.9,40,42,34,48
2001,NBA,Detroit Pistons,DET,FALSE,27.1,32,50,36,46
2001,NBA,Golden State Warriors,GSW,FALSE,26.6,17,65,17,65
2001,NBA,Houston Rockets,HOU,FALSE,26.7,45,37,48,34
2001,NBA,Indiana Pacers,IND,TRUE,27.7,41,41,40,42
2001,NBA,Los Angeles Clippers,LAC,FALSE,24.3,31,51,32,50
2001,NBA,Los Angeles Lakers,LAL,TRUE,29.2,56,26,51,31
2001,NBA,Miami Heat,MIA,TRUE,30.9,50,32,48,34
2001,NBA,Milwaukee Bucks,MIL,TRUE,28.2,52,30,52,30
2001,NBA,Minnesota Timberwolves,MIN,TRUE,27.4,47,35,45,37
2001,NBA,New Jersey Nets,NJN,FALSE,27.5,26,56,26,56
2001,NBA,New York Knicks,NYK,TRUE,29.8,48,34,50,32
2001,NBA,Orlando Magic,ORL,TRUE,26,43,39,44,38
2001,NBA,Philadelphia 76ers,PHI,TRUE,28.2,56,26,54,28
2001,NBA,Phoenix Suns,PHO,TRUE,28.6,51,31,48,34
2001,NBA,Portland Trail Blazers,POR,TRUE,30.1,50,32,53,29
2001,NBA,Sacramento Kings,SAC,TRUE,27.1,55,27,57,25
2001,NBA,San Antonio Spurs,SAS,TRUE,29.5,58,24,63,19
2001,NBA,Seattle SuperSonics,SEA,FALSE,27.9,44,38,41,41
2001,NBA,Toronto Raptors,TOR,TRUE,29.9,47,35,48,34
2001,NBA,Utah Jazz,UTA,TRUE,32,53,29,55,27
2001,NBA,Vancouver Grizzlies,VAN,FALSE,26.2,23,59,25,57
2001,NBA,Washington Wizards,WAS,FALSE,27,19,63,23,59
2001,NBA,League Average,NA,FALSE,27.8,NA,NA,41,41
2000,NBA,Atlanta Hawks,ATL,FALSE,27.6,28,54,26,56
2000,NBA,Boston Celtics,BOS,FALSE,25.4,35,47,39,43
2000,NBA,Charlotte Hornets,CHH,TRUE,28.7,49,33,49,33
2000,NBA,Chicago Bulls,CHI,FALSE,26,17,65,15,67
2000,NBA,Cleveland Cavaliers,CLE,FALSE,27.2,32,50,31,51
2000,NBA,Dallas Mavericks,DAL,FALSE,26.3,40,42,39,43
2000,NBA,Denver Nuggets,DEN,FALSE,25.9,35,47,35,47
2000,NBA,Detroit Pistons,DET,TRUE,28.3,42,40,45,37
2000,NBA,Golden State Warriors,GSW,FALSE,26.9,19,63,20,62
2000,NBA,Houston Rockets,HOU,FALSE,26.3,34,48,39,43
2000,NBA,Indiana Pacers,IND,TRUE,30.4,56,26,54,28
2000,NBA,Los Angeles Clippers,LAC,FALSE,24.2,15,67,13,69
2000,NBA,Los Angeles Lakers,LAL,TRUE,29.2,67,15,64,18
2000,NBA,Miami Heat,MIA,TRUE,29.2,52,30,50,32
2000,NBA,Milwaukee Bucks,MIL,TRUE,28.2,42,40,42,40
2000,NBA,Minnesota Timberwolves,MIN,TRUE,26.6,50,32,48,34
2000,NBA,New Jersey Nets,NJN,FALSE,27.3,31,51,38,44
2000,NBA,New York Knicks,NYK,TRUE,29.5,50,32,46,36
2000,NBA,Orlando Magic,ORL,FALSE,26.3,41,41,43,39
2000,NBA,Philadelphia 76ers,PHI,TRUE,27.1,49,33,45,37
2000,NBA,Phoenix Suns,PHO,TRUE,28.6,53,29,56,26
2000,NBA,Portland Trail Blazers,POR,TRUE,29.6,59,23,59,23
2000,NBA,Sacramento Kings,SAC,TRUE,27.5,44,38,49,33
2000,NBA,San Antonio Spurs,SAS,TRUE,30.9,53,29,58,24
2000,NBA,Seattle SuperSonics,SEA,TRUE,28.5,45,37,44,38
2000,NBA,Toronto Raptors,TOR,TRUE,29.3,45,37,41,41
2000,NBA,Utah Jazz,UTA,TRUE,31.5,55,27,54,28
2000,NBA,Vancouver Grizzlies,VAN,FALSE,25.3,22,60,25,57
2000,NBA,Washington Wizards,WAS,FALSE,28,29,53,32,50
2000,NBA,League Average,NA,FALSE,27.8,NA,NA,41,41
1999,NBA,Atlanta Hawks,ATL,TRUE,29.6,31,19,31,19
1999,NBA,Boston Celtics,BOS,FALSE,24.3,19,31,22,28
1999,NBA,Charlotte Hornets,CHH,FALSE,29,26,24,25,25
1999,NBA,Chicago Bulls,CHI,FALSE,28.6,13,37,9,41
1999,NBA,Cleveland Cavaliers,CLE,FALSE,26.7,22,28,22,28
1999,NBA,Dallas Mavericks,DAL,FALSE,26.1,19,31,21,29
1999,NBA,Denver Nuggets,DEN,FALSE,24.6,14,36,14,36
1999,NBA,Detroit Pistons,DET,TRUE,27.7,29,21,32,18
1999,NBA,Golden State Warriors,GSW,FALSE,28.1,21,29,20,30
1999,NBA,Houston Rockets,HOU,TRUE,29.6,31,19,29,21
1999,NBA,Indiana Pacers,IND,TRUE,30.8,33,17,32,18
1999,NBA,Los Angeles Clippers,LAC,FALSE,25,9,41,11,39
1999,NBA,Los Angeles Lakers,LAL,TRUE,27.5,31,19,30,20
1999,NBA,Miami Heat,MIA,TRUE,30.3,33,17,35,15
1999,NBA,Milwaukee Bucks,MIL,TRUE,28.3,28,22,28,22
1999,NBA,Minnesota Timberwolves,MIN,TRUE,27.2,25,25,26,24
1999,NBA,New Jersey Nets,NJN,FALSE,26,16,34,18,32
1999,NBA,New York Knicks,NYK,TRUE,29,27,23,27,23
1999,NBA,Orlando Magic,ORL,TRUE,28.7,33,17,30,20
1999,NBA,Philadelphia 76ers,PHI,TRUE,26,28,22,29,21
1999,NBA,Phoenix Suns,PHO,TRUE,29.3,27,23,29,21
1999,NBA,Portland Trail Blazers,POR,TRUE,27.4,35,15,36,14
1999,NBA,Sacramento Kings,SAC,TRUE,26.1,27,23,24,26
1999,NBA,San Antonio Spurs,SAS,TRUE,30.1,37,13,39,11
1999,NBA,Seattle SuperSonics,SEA,FALSE,31.2,25,25,23,27
1999,NBA,Toronto Raptors,TOR,FALSE,27.3,23,27,22,28
1999,NBA,Utah Jazz,UTA,TRUE,30.3,37,13,37,13
1999,NBA,Vancouver Grizzlies,VAN,FALSE,25,8,42,11,39
1999,NBA,Washington Wizards,WAS,FALSE,29.3,18,32,21,29
1999,NBA,League Average,NA,FALSE,27.8,NA,NA,25,25
1998,NBA,Atlanta Hawks,ATL,TRUE,29.4,50,32,51,31
1998,NBA,Boston Celtics,BOS,FALSE,23.9,36,46,33,49
1998,NBA,Charlotte Hornets,CHH,TRUE,29.2,51,31,47,35
1998,NBA,Chicago Bulls,CHI,TRUE,31.7,62,20,61,21
1998,NBA,Cleveland Cavaliers,CLE,TRUE,24.6,47,35,49,33
1998,NBA,Dallas Mavericks,DAL,FALSE,26.3,20,62,24,58
1998,NBA,Denver Nuggets,DEN,FALSE,26.5,11,71,12,70
1998,NBA,Detroit Pistons,DET,FALSE,27.2,37,45,46,36
1998,NBA,Golden State Warriors,GSW,FALSE,25.9,19,63,17,65
1998,NBA,Houston Rockets,HOU,TRUE,32,41,41,39,43
1998,NBA,Indiana Pacers,IND,TRUE,29.7,58,24,59,23
1998,NBA,Los Angeles Clippers,LAC,FALSE,25.7,17,65,21,61
1998,NBA,Los Angeles Lakers,LAL,TRUE,25.8,61,21,61,21
1998,NBA,Miami Heat,MIA,TRUE,28.1,55,27,56,26
1998,NBA,Milwaukee Bucks,MIL,FALSE,27.6,36,46,35,47
1998,NBA,Minnesota Timberwolves,MIN,TRUE,26.4,45,37,43,39
1998,NBA,New Jersey Nets,NJN,TRUE,27.8,43,39,46,36
1998,NBA,New York Knicks,NYK,TRUE,30.2,43,39,49,33
1998,NBA,Orlando Magic,ORL,FALSE,30.8,41,41,38,44
1998,NBA,Philadelphia 76ers,PHI,FALSE,25.4,31,51,34,48
1998,NBA,Phoenix Suns,PHO,TRUE,28.2,56,26,56,26
1998,NBA,Portland Trail Blazers,POR,TRUE,26.1,46,36,45,37
1998,NBA,Sacramento Kings,SAC,FALSE,26.6,27,55,25,57
1998,NBA,San Antonio Spurs,SAS,TRUE,28.7,56,26,53,29
1998,NBA,Seattle SuperSonics,SEA,TRUE,31.1,61,21,61,21
1998,NBA,Toronto Raptors,TOR,FALSE,24.8,16,66,17,65
1998,NBA,Utah Jazz,UTA,TRUE,29.7,62,20,59,23
1998,NBA,Vancouver Grizzlies,VAN,FALSE,26.5,19,63,22,60
1998,NBA,Washington Wizards,WAS,FALSE,26.7,42,40,43,39
1998,NBA,League Average,NA,FALSE,27.6,NA,NA,41,41
1997,NBA,Atlanta Hawks,ATL,TRUE,28.8,56,26,57,25
1997,NBA,Boston Celtics,BOS,FALSE,26.1,15,67,22,60
1997,NBA,Charlotte Hornets,CHH,TRUE,29.1,54,28,46,36
1997,NBA,Chicago Bulls,CHI,TRUE,30.7,69,13,68,14
1997,NBA,Cleveland Cavaliers,CLE,FALSE,26.7,42,40,47,35
1997,NBA,Dallas Mavericks,DAL,FALSE,27.1,24,58,23,59
1997,NBA,Denver Nuggets,DEN,FALSE,28.6,21,61,24,58
1997,NBA,Detroit Pistons,DET,TRUE,28.2,54,28,57,25
1997,NBA,Golden State Warriors,GSW,FALSE,26.7,30,52,28,54
1997,NBA,Houston Rockets,HOU,TRUE,30.8,57,25,54,28
1997,NBA,Indiana Pacers,IND,FALSE,27.9,39,43,44,38
1997,NBA,Los Angeles Clippers,LAC,TRUE,25.5,36,46,34,48
1997,NBA,Los Angeles Lakers,LAL,TRUE,26.5,56,26,53,29
1997,NBA,Miami Heat,MIA,TRUE,27.2,61,21,57,25
1997,NBA,Milwaukee Bucks,MIL,FALSE,27.3,33,49,35,47
1997,NBA,Minnesota Timberwolves,MIN,TRUE,26.3,40,42,37,45
1997,NBA,New Jersey Nets,NJN,FALSE,26.8,26,56,28,54
1997,NBA,New York Knicks,NYK,TRUE,29.7,57,25,50,32
1997,NBA,Orlando Magic,ORL,TRUE,29.4,45,37,40,42
1997,NBA,Philadelphia 76ers,PHI,FALSE,25.5,22,60,24,58
1997,NBA,Phoenix Suns,PHO,TRUE,28.5,40,42,43,39
1997,NBA,Portland Trail Blazers,POR,TRUE,26.4,49,33,53,29
1997,NBA,Sacramento Kings,SAC,FALSE,27.4,34,48,31,51
1997,NBA,San Antonio Spurs,SAS,FALSE,29.9,20,62,19,63
1997,NBA,Seattle SuperSonics,SEA,TRUE,30,57,25,62,20
1997,NBA,Toronto Raptors,TOR,FALSE,25.1,30,52,32,50
1997,NBA,Utah Jazz,UTA,TRUE,29.6,64,18,64,18
1997,NBA,Vancouver Grizzlies,VAN,FALSE,25,14,68,15,67
1997,NBA,Washington Bullets,WSB,TRUE,25.9,44,38,46,36
1997,NBA,League Average,NA,FALSE,27.6,NA,NA,41,41
1996,NBA,Atlanta Hawks,ATL,TRUE,28.1,46,36,45,37
1996,NBA,Boston Celtics,BOS,FALSE,26.3,33,49,32,50
1996,NBA,Charlotte Hornets,CHH,FALSE,27.8,41,41,39,43
1996,NBA,Chicago Bulls,CHI,TRUE,29.9,72,10,70,12
1996,NBA,Cleveland Cavaliers,CLE,TRUE,27.5,47,35,49,33
1996,NBA,Dallas Mavericks,DAL,FALSE,25.1,26,56,28,54
1996,NBA,Denver Nuggets,DEN,FALSE,26.8,35,47,33,49
1996,NBA,Detroit Pistons,DET,TRUE,26.8,46,36,49,33
1996,NBA,Golden State Warriors,GSW,FALSE,27,36,46,37,45
1996,NBA,Houston Rockets,HOU,TRUE,29,48,34,46,36
1996,NBA,Indiana Pacers,IND,TRUE,29.4,52,30,50,32
1996,NBA,Los Angeles Clippers,LAC,FALSE,25.2,29,53,31,51
1996,NBA,Los Angeles Lakers,LAL,TRUE,27.1,53,29,53,29
1996,NBA,Miami Heat,MIA,TRUE,27.4,42,40,45,37
1996,NBA,Milwaukee Bucks,MIL,FALSE,27.5,25,57,26,56
1996,NBA,Minnesota Timberwolves,MIN,FALSE,26.4,26,56,26,56
1996,NBA,New Jersey Nets,NJN,FALSE,27.4,30,52,29,53
1996,NBA,New York Knicks,NYK,TRUE,30.4,47,35,48,34
1996,NBA,Orlando Magic,ORL,TRUE,27.7,60,22,56,26
1996,NBA,Philadelphia 76ers,PHI,FALSE,26.1,18,64,16,66
1996,NBA,Phoenix Suns,PHO,TRUE,27.9,41,41,42,40
1996,NBA,Portland Trail Blazers,POR,TRUE,28.1,44,38,48,34
1996,NBA,Sacramento Kings,SAC,TRUE,26.6,39,43,33,49
1996,NBA,San Antonio Spurs,SAS,TRUE,29.4,59,23,58,24
1996,NBA,Seattle SuperSonics,SEA,TRUE,29.6,64,18,61,21
1996,NBA,Toronto Raptors,TOR,FALSE,26.1,21,61,21,61
1996,NBA,Utah Jazz,UTA,TRUE,29.5,55,27,59,23
1996,NBA,Vancouver Grizzlies,VAN,FALSE,27.2,15,67,15,67
1996,NBA,Washington Bullets,WSB,FALSE,24.8,39,43,44,38
1996,NBA,League Average,NA,FALSE,27.6,NA,NA,41,41
1995,NBA,Atlanta Hawks,ATL,TRUE,28.2,42,40,45,37
1995,NBA,Boston Celtics,BOS,TRUE,27.2,35,47,36,46
1995,NBA,Charlotte Hornets,CHH,TRUE,28,50,32,50,32
1995,NBA,Chicago Bulls,CHI,TRUE,28.1,47,35,54,28
1995,NBA,Cleveland Cavaliers,CLE,TRUE,28.3,43,39,43,39
1995,NBA,Dallas Mavericks,DAL,FALSE,24.3,36,46,33,49
1995,NBA,Denver Nuggets,DEN,TRUE,26.6,41,41,43,39
1995,NBA,Detroit Pistons,DET,FALSE,26.9,28,54,22,60
1995,NBA,Golden State Warriors,GSW,FALSE,26,26,56,27,55
1995,NBA,Houston Rockets,HOU,TRUE,28.5,47,35,47,35
1995,NBA,Indiana Pacers,IND,TRUE,28.7,52,30,52,30
1995,NBA,Los Angeles Clippers,LAC,FALSE,24.9,17,65,18,64
1995,NBA,Los Angeles Lakers,LAL,TRUE,25.9,48,34,40,42
1995,NBA,Miami Heat,MIA,FALSE,27.1,32,50,36,46
1995,NBA,Milwaukee Bucks,MIL,FALSE,25.7,34,48,29,53
1995,NBA,Minnesota Timberwolves,MIN,FALSE,25.4,21,61,18,64
1995,NBA,New Jersey Nets,NJN,FALSE,27.5,30,52,32,50
1995,NBA,New York Knicks,NYK,TRUE,29.4,55,27,50,32
1995,NBA,Orlando Magic,ORL,TRUE,26.6,57,25,59,23
1995,NBA,Philadelphia 76ers,PHI,FALSE,25.1,24,58,27,55
1995,NBA,Phoenix Suns,PHO,TRUE,29.2,59,23,51,31
1995,NBA,Portland Trail Blazers,POR,TRUE,29.3,44,38,52,30
1995,NBA,Sacramento Kings,SAC,FALSE,26.4,39,43,38,44
1995,NBA,San Antonio Spurs,SAS,TRUE,29,62,20,57,25
1995,NBA,Seattle SuperSonics,SEA,TRUE,28.7,57,25,61,21
1995,NBA,Utah Jazz,UTA,TRUE,29.6,60,22,61,21
1995,NBA,Washington Bullets,WSB,FALSE,24.5,21,61,26,56
1995,NBA,League Average,NA,FALSE,27.2,NA,NA,41,41
1994,NBA,Atlanta Hawks,ATL,TRUE,28.7,57,25,56,26
1994,NBA,Boston Celtics,BOS,FALSE,27.8,32,50,29,53
1994,NBA,Charlotte Hornets,CHH,FALSE,27.6,41,41,40,42
1994,NBA,Chicago Bulls,CHI,TRUE,27.7,55,27,50,32
1994,NBA,Cleveland Cavaliers,CLE,TRUE,27.9,47,35,52,30
1994,NBA,Dallas Mavericks,DAL,FALSE,25.3,13,69,19,63
1994,NBA,Denver Nuggets,DEN,TRUE,24.8,42,40,45,37
1994,NBA,Detroit Pistons,DET,FALSE,27.5,20,62,21,61
1994,NBA,Golden State Warriors,GSW,TRUE,25,50,32,46,36
1994,NBA,Houston Rockets,HOU,TRUE,28.1,58,24,53,29
1994,NBA,Indiana Pacers,IND,TRUE,27.2,47,35,51,31
1994,NBA,Los Angeles Clippers,LAC,FALSE,27,27,55,26,56
1994,NBA,Los Angeles Lakers,LAL,FALSE,26.5,33,49,29,53
1994,NBA,Miami Heat,MIA,TRUE,26,42,40,48,34
1994,NBA,Milwaukee Bucks,MIL,FALSE,26.1,20,62,24,58
1994,NBA,Minnesota Timberwolves,MIN,FALSE,26.2,20,62,23,59
1994,NBA,New Jersey Nets,NJN,TRUE,26.6,45,37,47,35
1994,NBA,New York Knicks,NYK,TRUE,28.9,57,25,60,22
1994,NBA,Orlando Magic,ORL,TRUE,25.8,50,32,52,30
1994,NBA,Philadelphia 76ers,PHI,FALSE,27.2,25,57,21,61
1994,NBA,Phoenix Suns,PHO,TRUE,28.7,56,26,54,28
1994,NBA,Portland Trail Blazers,POR,TRUE,28.6,47,35,48,34
1994,NBA,Sacramento Kings,SAC,FALSE,26.7,28,54,26,56
1994,NBA,San Antonio Spurs,SAS,TRUE,29,55,27,56,26
1994,NBA,Seattle SuperSonics,SEA,TRUE,28.1,63,19,64,18
1994,NBA,Utah Jazz,UTA,TRUE,29.4,53,29,53,29
1994,NBA,Washington Bullets,WSB,FALSE,25.8,24,58,22,60
1994,NBA,League Average,NA,FALSE,27.3,NA,NA,41,41
1993,NBA,Atlanta Hawks,ATL,TRUE,27.1,43,39,39,43
1993,NBA,Boston Celtics,BOS,TRUE,28.6,48,34,43,39
1993,NBA,Charlotte Hornets,CHH,TRUE,25.7,44,38,40,42
1993,NBA,Chicago Bulls,CHI,TRUE,28.1,57,25,58,24
1993,NBA,Cleveland Cavaliers,CLE,TRUE,28.8,54,28,58,24
1993,NBA,Dallas Mavericks,DAL,FALSE,24.9,11,71,10,72
1993,NBA,Denver Nuggets,DEN,FALSE,24.8,36,46,36,46
1993,NBA,Detroit Pistons,DET,FALSE,29.9,40,42,37,45
1993,NBA,Golden State Warriors,GSW,FALSE,25,34,48,38,44
1993,NBA,Houston Rockets,HOU,TRUE,27.4,55,27,53,29
1993,NBA,Indiana Pacers,IND,TRUE,26.8,41,41,46,36
1993,NBA,Los Angeles Clippers,LAC,TRUE,26.7,41,41,42,40
1993,NBA,Los Angeles Lakers,LAL,TRUE,28,39,43,38,44
1993,NBA,Miami Heat,MIA,FALSE,25.2,36,46,38,44
1993,NBA,Milwaukee Bucks,MIL,FALSE,26.9,28,54,31,51
1993,NBA,Minnesota Timberwolves,MIN,FALSE,25.8,19,63,21,61
1993,NBA,New Jersey Nets,NJN,TRUE,27.3,43,39,45,37
1993,NBA,New York Knicks,NYK,TRUE,28.3,60,22,58,24
1993,NBA,Orlando Magic,ORL,FALSE,25.8,41,41,45,37
1993,NBA,Philadelphia 76ers,PHI,FALSE,27.1,26,56,26,56
1993,NBA,Phoenix Suns,PHO,TRUE,28.2,62,20,57,25
1993,NBA,Portland Trail Blazers,POR,TRUE,28.2,51,31,49,33
1993,NBA,Sacramento Kings,SAC,FALSE,26.5,25,57,33,49
1993,NBA,San Antonio Spurs,SAS,TRUE,27.5,49,33,48,34
1993,NBA,Seattle SuperSonics,SEA,TRUE,27.7,55,27,59,23
1993,NBA,Utah Jazz,UTA,TRUE,29.3,47,35,47,35
1993,NBA,Washington Bullets,WSB,FALSE,26.1,22,60,23,59
1993,NBA,League Average,NA,FALSE,27.1,NA,NA,41,41
1992,NBA,Atlanta Hawks,ATL,FALSE,27.2,38,44,37,45
1992,NBA,Boston Celtics,BOS,TRUE,29.2,51,31,51,31
1992,NBA,Charlotte Hornets,CHH,FALSE,25.2,31,51,31,51
1992,NBA,Chicago Bulls,CHI,TRUE,27.6,67,15,66,16
1992,NBA,Cleveland Cavaliers,CLE,TRUE,27.6,57,25,55,27
1992,NBA,Dallas Mavericks,DAL,FALSE,28.2,22,60,21,61
1992,NBA,Denver Nuggets,DEN,FALSE,25.7,24,58,21,61
1992,NBA,Detroit Pistons,DET,TRUE,30.1,48,34,47,35
1992,NBA,Golden State Warriors,GSW,TRUE,25.5,55,27,50,32
1992,NBA,Houston Rockets,HOU,FALSE,28,42,40,36,46
1992,NBA,Indiana Pacers,IND,TRUE,26.4,40,42,46,36
1992,NBA,Los Angeles Clippers,LAC,TRUE,27.3,45,37,44,38
1992,NBA,Los Angeles Lakers,LAL,TRUE,28.3,43,39,38,44
1992,NBA,Miami Heat,MIA,TRUE,24.4,38,44,30,52
1992,NBA,Milwaukee Bucks,MIL,FALSE,30.2,31,51,36,46
1992,NBA,Minnesota Timberwolves,MIN,FALSE,26.4,15,67,23,59
1992,NBA,New Jersey Nets,NJN,TRUE,25.6,40,42,36,46
1992,NBA,New York Knicks,NYK,TRUE,27.3,51,31,52,30
1992,NBA,Orlando Magic,ORL,FALSE,26.6,21,61,23,59
1992,NBA,Philadelphia 76ers,PHI,FALSE,27.6,35,47,37,45
1992,NBA,Phoenix Suns,PHO,TRUE,27,53,29,56,26
1992,NBA,Portland Trail Blazers,POR,TRUE,28.1,57,25,59,23
1992,NBA,Sacramento Kings,SAC,FALSE,25.1,29,53,26,56
1992,NBA,San Antonio Spurs,SAS,TRUE,27.3,47,35,50,32
1992,NBA,Seattle SuperSonics,SEA,TRUE,27.3,47,35,46,36
1992,NBA,Utah Jazz,UTA,TRUE,28.5,55,27,57,25
1992,NBA,Washington Bullets,WSB,FALSE,26.1,25,57,29,53
1992,NBA,League Average,NA,FALSE,27.2,NA,NA,41,41
1991,NBA,Atlanta Hawks,ATL,TRUE,29,43,39,43,39
1991,NBA,Boston Celtics,BOS,TRUE,28.2,56,26,56,26
1991,NBA,Charlotte Hornets,CHH,FALSE,25.5,26,56,27,55
1991,NBA,Chicago Bulls,CHI,TRUE,26.9,61,21,63,19
1991,NBA,Cleveland Cavaliers,CLE,FALSE,26.8,33,49,34,48
1991,NBA,Dallas Mavericks,DAL,FALSE,30.6,28,54,29,53
1991,NBA,Denver Nuggets,DEN,FALSE,26.5,20,62,19,63
1991,NBA,Detroit Pistons,DET,TRUE,30.5,50,32,50,32
1991,NBA,Golden State Warriors,GSW,TRUE,26.5,44,38,45,37
1991,NBA,Houston Rockets,HOU,TRUE,27.3,52,30,50,32
1991,NBA,Indiana Pacers,IND,TRUE,26.4,41,41,40,42
1991,NBA,Los Angeles Clippers,LAC,FALSE,25.1,31,51,32,50
1991,NBA,Los Angeles Lakers,LAL,TRUE,28.4,58,24,59,23
1991,NBA,Miami Heat,MIA,FALSE,24,24,58,25,57
1991,NBA,Milwaukee Bucks,MIL,TRUE,29.3,48,34,48,34
1991,NBA,Minnesota Timberwolves,MIN,FALSE,26.2,29,53,30,52
1991,NBA,New Jersey Nets,NJN,FALSE,26.2,26,56,29,53
1991,NBA,New York Knicks,NYK,TRUE,28.1,39,43,40,42
1991,NBA,Orlando Magic,ORL,FALSE,26.1,31,51,31,51
1991,NBA,Philadelphia 76ers,PHI,TRUE,28.4,44,38,41,41
1991,NBA,Phoenix Suns,PHO,TRUE,26.9,55,27,57,25
1991,NBA,Portland Trail Blazers,POR,TRUE,27.9,63,19,62,20
1991,NBA,Sacramento Kings,SAC,FALSE,25.9,25,57,23,59
1991,NBA,San Antonio Spurs,SAS,TRUE,26,55,27,53,29
1991,NBA,Seattle SuperSonics,SEA,TRUE,26.2,41,41,44,38
1991,NBA,Utah Jazz,UTA,TRUE,28.7,54,28,50,32
1991,NBA,Washington Bullets,WSB,FALSE,26.5,30,52,28,54
1991,NBA,League Average,NA,FALSE,27.2,NA,NA,41,41
1990,NBA,Atlanta Hawks,ATL,FALSE,28.6,41,41,44,38
1990,NBA,Boston Celtics,BOS,TRUE,30.2,52,30,51,31
1990,NBA,Charlotte Hornets,CHH,FALSE,25.6,19,63,21,61
1990,NBA,Chicago Bulls,CHI,TRUE,26.1,55,27,50,32
1990,NBA,Cleveland Cavaliers,CLE,TRUE,26.1,42,40,40,42
1990,NBA,Dallas Mavericks,DAL,TRUE,29.2,47,35,41,41
1990,NBA,Denver Nuggets,DEN,TRUE,29.5,43,39,45,37
1990,NBA,Detroit Pistons,DET,TRUE,29.5,59,23,57,25
1990,NBA,Golden State Warriors,GSW,FALSE,26,37,45,33,49
1990,NBA,Houston Rockets,HOU,TRUE,27.9,41,41,45,37
1990,NBA,Indiana Pacers,IND,TRUE,26.4,42,40,41,41
1990,NBA,Los Angeles Clippers,LAC,FALSE,24.5,30,52,32,50
1990,NBA,Los Angeles Lakers,LAL,TRUE,28.9,63,19,58,24
1990,NBA,Miami Heat,MIA,FALSE,24.7,18,64,18,64
1990,NBA,Milwaukee Bucks,MIL,TRUE,28.1,44,38,39,43
1990,NBA,Minnesota Timberwolves,MIN,FALSE,26.2,22,60,29,53
1990,NBA,New Jersey Nets,NJN,FALSE,26.6,17,65,21,61
1990,NBA,New York Knicks,NYK,TRUE,26.5,45,37,45,37
1990,NBA,Orlando Magic,ORL,FALSE,26.5,18,64,21,61
1990,NBA,Philadelphia 76ers,PHI,TRUE,27.4,53,29,54,28
1990,NBA,Phoenix Suns,PHO,TRUE,26.7,54,28,58,24
1990,NBA,Portland Trail Blazers,POR,TRUE,26.7,59,23,57,25
1990,NBA,Sacramento Kings,SAC,FALSE,26.4,23,59,28,54
1990,NBA,San Antonio Spurs,SAS,TRUE,26.4,56,26,50,32
1990,NBA,Seattle SuperSonics,SEA,FALSE,25.6,41,41,44,38
1990,NBA,Utah Jazz,UTA,TRUE,27.6,55,27,54,28
1990,NBA,Washington Bullets,WSB,FALSE,27.5,31,51,35,47
1990,NBA,League Average,NA,FALSE,27.1,NA,NA,41,41
1989,NBA,Atlanta Hawks,ATL,TRUE,28.5,52,30,54,28
1989,NBA,Boston Celtics,BOS,TRUE,28.5,42,40,44,38
1989,NBA,Charlotte Hornets,CHH,FALSE,27.2,20,62,21,61
1989,NBA,Chicago Bulls,CHI,TRUE,26.4,47,35,45,37
1989,NBA,Cleveland Cavaliers,CLE,TRUE,26.1,57,25,60,22
1989,NBA,Dallas Mavericks,DAL,FALSE,28.6,38,44,38,44
1989,NBA,Denver Nuggets,DEN,TRUE,29.8,44,38,45,37
1989,NBA,Detroit Pistons,DET,TRUE,28.7,63,19,56,26
1989,NBA,Golden State Warriors,GSW,TRUE,26,43,39,40,42
1989,NBA,Houston Rockets,HOU,TRUE,26.8,45,37,44,38
1989,NBA,Indiana Pacers,IND,FALSE,25.2,28,54,30,52
1989,NBA,Los Angeles Clippers,LAC,FALSE,24.6,21,61,18,64
1989,NBA,Los Angeles Lakers,LAL,TRUE,29.5,57,25,58,24
1989,NBA,Miami Heat,MIA,FALSE,25.2,15,67,15,67
1989,NBA,Milwaukee Bucks,MIL,TRUE,28.5,49,33,50,32
1989,NBA,New Jersey Nets,NJN,FALSE,26.8,26,56,25,57
1989,NBA,New York Knicks,NYK,TRUE,25.3,52,30,50,32
1989,NBA,Philadelphia 76ers,PHI,TRUE,27,46,36,45,37
1989,NBA,Phoenix Suns,PHO,TRUE,25.7,55,27,59,23
1989,NBA,Portland Trail Blazers,POR,TRUE,26.9,39,43,45,37
1989,NBA,Sacramento Kings,SAC,FALSE,25.2,27,55,27,55
1989,NBA,San Antonio Spurs,SAS,FALSE,25.6,21,61,23,59
1989,NBA,Seattle SuperSonics,SEA,TRUE,26.3,47,35,48,34
1989,NBA,Utah Jazz,UTA,TRUE,27.4,51,31,55,27
1989,NBA,Washington Bullets,WSB,FALSE,26.2,40,42,35,47
1989,NBA,League Average,NA,FALSE,27,NA,NA,41,41
1988,NBA,Atlanta Hawks,ATL,TRUE,26.8,50,32,51,31
1988,NBA,Boston Celtics,BOS,TRUE,29.8,57,25,56,26
1988,NBA,Chicago Bulls,CHI,TRUE,25.5,50,32,50,32
1988,NBA,Cleveland Cavaliers,CLE,TRUE,24.6,42,40,43,39
1988,NBA,Dallas Mavericks,DAL,TRUE,27,53,29,52,30
1988,NBA,Denver Nuggets,DEN,TRUE,28.7,54,28,51,31
1988,NBA,Detroit Pistons,DET,TRUE,27.5,54,28,54,28
1988,NBA,Golden State Warriors,GSW,FALSE,25.4,20,62,21,61
1988,NBA,Houston Rockets,HOU,TRUE,27.7,46,36,45,37
1988,NBA,Indiana Pacers,IND,FALSE,25.7,38,44,39,43
1988,NBA,Los Angeles Clippers,LAC,FALSE,26.2,17,65,16,66
1988,NBA,Los Angeles Lakers,LAL,TRUE,28.9,62,20,56,26
1988,NBA,Milwaukee Bucks,MIL,TRUE,28.6,42,40,42,40
1988,NBA,New Jersey Nets,NJN,FALSE,26.7,19,63,21,61
1988,NBA,New York Knicks,NYK,TRUE,25.3,38,44,40,42
1988,NBA,Philadelphia 76ers,PHI,FALSE,27.2,36,46,37,45
1988,NBA,Phoenix Suns,PHO,FALSE,27.5,28,54,30,52
1988,NBA,Portland Trail Blazers,POR,TRUE,27.1,53,29,52,30
1988,NBA,Sacramento Kings,SAC,FALSE,26.1,24,58,27,55
1988,NBA,San Antonio Spurs,SAS,TRUE,26.2,31,51,29,53
1988,NBA,Seattle SuperSonics,SEA,TRUE,25.6,44,38,46,36
1988,NBA,Utah Jazz,UTA,TRUE,27.3,47,35,51,31
1988,NBA,Washington Bullets,WSB,TRUE,26.6,38,44,39,43
1988,NBA,League Average,NA,FALSE,26.8,NA,NA,41,41
1987,NBA,Atlanta Hawks,ATL,TRUE,26.1,57,25,59,23
1987,NBA,Boston Celtics,BOS,TRUE,29.4,59,23,57,25
1987,NBA,Chicago Bulls,CHI,TRUE,25.4,40,42,43,39
1987,NBA,Cleveland Cavaliers,CLE,FALSE,24.6,31,51,31,51
1987,NBA,Dallas Mavericks,DAL,TRUE,26.4,55,27,56,26
1987,NBA,Denver Nuggets,DEN,TRUE,28.2,37,45,39,43
1987,NBA,Detroit Pistons,DET,TRUE,26.8,52,30,50,32
1987,NBA,Golden State Warriors,GSW,TRUE,26.9,42,40,35,47
1987,NBA,Houston Rockets,HOU,TRUE,26.1,42,40,44,38
1987,NBA,Indiana Pacers,IND,TRUE,25.9,41,41,39,43
1987,NBA,Los Angeles Clippers,LAC,FALSE,26.2,12,70,16,66
1987,NBA,Los Angeles Lakers,LAL,TRUE,27.8,65,17,62,20
1987,NBA,Milwaukee Bucks,MIL,TRUE,27.7,50,32,51,31
1987,NBA,New Jersey Nets,NJN,FALSE,26.2,24,58,28,54
1987,NBA,New York Knicks,NYK,FALSE,26.4,24,58,25,57
1987,NBA,Philadelphia 76ers,PHI,TRUE,26.6,45,37,40,42
1987,NBA,Phoenix Suns,PHO,FALSE,26,36,46,35,47
1987,NBA,Portland Trail Blazers,POR,TRUE,26.9,49,33,49,33
1987,NBA,Sacramento Kings,SAC,FALSE,26.3,29,53,33,49
1987,NBA,San Antonio Spurs,SAS,FALSE,27.1,28,54,28,54
1987,NBA,Seattle SuperSonics,SEA,TRUE,26.1,39,43,42,40
1987,NBA,Utah Jazz,UTA,TRUE,26.9,44,38,42,40
1987,NBA,Washington Bullets,WSB,TRUE,25.9,42,40,37,45
1987,NBA,League Average,NA,FALSE,26.6,NA,NA,41,41
1986,NBA,Atlanta Hawks,ATL,TRUE,25.3,50,32,47,35
1986,NBA,Boston Celtics,BOS,TRUE,29.3,67,15,63,19
1986,NBA,Chicago Bulls,CHI,TRUE,26.6,30,52,31,51
1986,NBA,Cleveland Cavaliers,CLE,FALSE,27,29,53,34,48
1986,NBA,Dallas Mavericks,DAL,TRUE,25.8,44,38,44,38
1986,NBA,Denver Nuggets,DEN,TRUE,28.1,47,35,44,38
1986,NBA,Detroit Pistons,DET,TRUE,26.5,46,36,44,38
1986,NBA,Golden State Warriors,GSW,FALSE,26.8,30,52,33,49
1986,NBA,Houston Rockets,HOU,TRUE,26,51,31,48,34
1986,NBA,Indiana Pacers,IND,FALSE,25,26,56,32,50
1986,NBA,Los Angeles Clippers,LAC,FALSE,27,32,50,24,58
1986,NBA,Los Angeles Lakers,LAL,TRUE,28.1,62,20,59,23
1986,NBA,Milwaukee Bucks,MIL,TRUE,26,57,25,62,20
1986,NBA,New Jersey Nets,NJN,TRUE,27.5,39,43,36,46
1986,NBA,New York Knicks,NYK,FALSE,25.5,23,59,26,56
1986,NBA,Philadelphia 76ers,PHI,TRUE,28,54,28,47,35
1986,NBA,Phoenix Suns,PHO,FALSE,26.3,32,50,33,49
1986,NBA,Portland Trail Blazers,POR,TRUE,26.6,40,42,44,38
1986,NBA,Sacramento Kings,SAC,TRUE,26.6,37,45,33,49
1986,NBA,San Antonio Spurs,SAS,TRUE,27.8,35,47,36,46
1986,NBA,Seattle SuperSonics,SEA,FALSE,26.6,31,51,41,41
1986,NBA,Utah Jazz,UTA,TRUE,26.3,42,40,40,42
1986,NBA,Washington Bullets,WSB,TRUE,27.1,39,43,36,46
1986,NBA,League Average,NA,FALSE,26.8,NA,NA,41,41
1985,NBA,Atlanta Hawks,ATL,FALSE,25.5,34,48,37,45
1985,NBA,Boston Celtics,BOS,TRUE,28.5,63,19,57,25
1985,NBA,Chicago Bulls,CHI,TRUE,25.2,38,44,39,43
1985,NBA,Cleveland Cavaliers,CLE,TRUE,26.6,36,46,34,48
1985,NBA,Dallas Mavericks,DAL,TRUE,25,44,38,47,35
1985,NBA,Denver Nuggets,DEN,TRUE,28.3,52,30,47,35
1985,NBA,Detroit Pistons,DET,TRUE,26.9,46,36,47,35
1985,NBA,Golden State Warriors,GSW,FALSE,26.1,22,60,24,58
1985,NBA,Houston Rockets,HOU,TRUE,25.3,48,34,45,37
1985,NBA,Indiana Pacers,IND,FALSE,24.1,22,60,26,56
1985,NBA,Kansas City Kings,KCK,FALSE,26.1,31,51,34,48
1985,NBA,Los Angeles Clippers,LAC,FALSE,27.3,31,51,30,52
1985,NBA,Los Angeles Lakers,LAL,TRUE,27.4,62,20,58,24
1985,NBA,Milwaukee Bucks,MIL,TRUE,25.7,59,23,58,24
1985,NBA,New Jersey Nets,NJN,TRUE,26.5,42,40,42,40
1985,NBA,New York Knicks,NYK,FALSE,25.8,24,58,29,53
1985,NBA,Philadelphia 76ers,PHI,TRUE,27.9,58,24,51,31
1985,NBA,Phoenix Suns,PHO,TRUE,26.4,36,46,35,47
1985,NBA,Portland Trail Blazers,POR,TRUE,25.2,42,40,49,33
1985,NBA,San Antonio Spurs,SAS,TRUE,28.1,41,41,43,39
1985,NBA,Seattle SuperSonics,SEA,FALSE,26.4,31,51,27,55
1985,NBA,Utah Jazz,UTA,TRUE,27,41,41,41,41
1985,NBA,Washington Bullets,WSB,TRUE,27.1,40,42,40,42
1985,NBA,League Average,NA,FALSE,26.4,NA,NA,41,41
1984,NBA,Atlanta Hawks,ATL,TRUE,26.6,40,42,37,45
1984,NBA,Boston Celtics,BOS,TRUE,28,62,20,57,25
1984,NBA,Chicago Bulls,CHI,FALSE,24.4,27,55,28,54
1984,NBA,Cleveland Cavaliers,CLE,FALSE,25.4,28,54,30,52
1984,NBA,Dallas Mavericks,DAL,TRUE,24.7,43,39,42,40
1984,NBA,Denver Nuggets,DEN,TRUE,27,38,44,38,44
1984,NBA,Detroit Pistons,DET,TRUE,25.4,49,33,50,32
1984,NBA,Golden State Warriors,GSW,FALSE,25.6,37,45,32,50
1984,NBA,Houston Rockets,HOU,FALSE,26.8,29,53,33,49
1984,NBA,Indiana Pacers,IND,FALSE,24.4,26,56,28,54
1984,NBA,Kansas City Kings,KCK,TRUE,26.2,38,44,37,45
1984,NBA,Los Angeles Lakers,LAL,TRUE,27.5,54,28,50,32
1984,NBA,Milwaukee Bucks,MIL,TRUE,28.4,50,32,52,30
1984,NBA,New Jersey Nets,NJN,TRUE,25.5,45,37,44,38
1984,NBA,New York Knicks,NYK,TRUE,27.2,47,35,51,31
1984,NBA,Philadelphia 76ers,PHI,TRUE,27.7,52,30,47,35
1984,NBA,Phoenix Suns,PHO,TRUE,27.2,41,41,43,39
1984,NBA,Portland Trail Blazers,POR,TRUE,25.8,48,34,50,32
1984,NBA,San Antonio Spurs,SAS,FALSE,27.4,37,45,40,42
1984,NBA,San Diego Clippers,SDC,FALSE,25.5,30,52,33,49
1984,NBA,Seattle SuperSonics,SEA,TRUE,27.1,42,40,41,41
1984,NBA,Utah Jazz,UTA,TRUE,26.9,45,37,44,38
1984,NBA,Washington Bullets,WSB,TRUE,26.2,35,47,33,49
1984,NBA,League Average,NA,FALSE,26.4,NA,NA,41,41
1983,NBA,Atlanta Hawks,ATL,TRUE,26.6,43,39,38,44
1983,NBA,Boston Celtics,BOS,TRUE,27.3,56,26,55,27
1983,NBA,Chicago Bulls,CHI,FALSE,24.5,28,54,29,53
1983,NBA,Cleveland Cavaliers,CLE,FALSE,26.4,23,59,22,60
1983,NBA,Dallas Mavericks,DAL,FALSE,24.2,38,44,40,42
1983,NBA,Denver Nuggets,DEN,TRUE,27.2,45,37,42,40
1983,NBA,Detroit Pistons,DET,FALSE,24.6,37,45,40,42
1983,NBA,Golden State Warriors,GSW,FALSE,24.7,30,52,32,50
1983,NBA,Houston Rockets,HOU,FALSE,29,14,68,14,68
1983,NBA,Indiana Pacers,IND,FALSE,24.9,20,62,27,55
1983,NBA,Kansas City Kings,KCK,FALSE,24.5,45,37,45,37
1983,NBA,Los Angeles Lakers,LAL,TRUE,26.9,58,24,55,27
1983,NBA,Milwaukee Bucks,MIL,TRUE,28.1,51,31,53,29
1983,NBA,New Jersey Nets,NJN,TRUE,25.2,49,33,49,33
1983,NBA,New York Knicks,NYK,TRUE,26.5,44,38,48,34
1983,NBA,Philadelphia 76ers,PHI,TRUE,26.7,65,17,60,22
1983,NBA,Phoenix Suns,PHO,TRUE,26.6,53,29,54,28
1983,NBA,Portland Trail Blazers,POR,TRUE,25.5,46,36,47,35
1983,NBA,San Antonio Spurs,SAS,TRUE,27.2,53,29,50,32
1983,NBA,San Diego Clippers,SDC,FALSE,24.8,25,57,29,53
1983,NBA,Seattle SuperSonics,SEA,TRUE,27.4,48,34,49,33
1983,NBA,Utah Jazz,UTA,FALSE,25.8,30,52,30,52
1983,NBA,Washington Bullets,WSB,FALSE,25.8,42,40,41,41
1983,NBA,League Average,NA,FALSE,26.2,NA,NA,41,41
1982,NBA,Atlanta Hawks,ATL,TRUE,26.5,42,40,43,39
1982,NBA,Boston Celtics,BOS,TRUE,27.3,63,19,57,25
1982,NBA,Chicago Bulls,CHI,FALSE,26.5,34,48,36,46
1982,NBA,Cleveland Cavaliers,CLE,FALSE,26.1,15,67,20,62
1982,NBA,Dallas Mavericks,DAL,FALSE,24.4,28,54,29,53
1982,NBA,Denver Nuggets,DEN,TRUE,27,46,36,42,40
1982,NBA,Detroit Pistons,DET,FALSE,24.4,39,43,39,43
1982,NBA,Golden State Warriors,GSW,FALSE,25.1,45,37,44,38
1982,NBA,Houston Rockets,HOU,TRUE,28.3,46,36,41,41
1982,NBA,Indiana Pacers,IND,FALSE,27,35,47,36,46
1982,NBA,Kansas City Kings,KCK,FALSE,24,30,52,33,49
1982,NBA,Los Angeles Lakers,LAL,TRUE,26.8,57,25,53,29
1982,NBA,Milwaukee Bucks,MIL,TRUE,27.3,55,27,55,27
1982,NBA,New Jersey Nets,NJN,TRUE,25.1,44,38,43,39
1982,NBA,New York Knicks,NYK,FALSE,28,33,49,34,48
1982,NBA,Philadelphia 76ers,PHI,TRUE,28.1,58,24,56,26
1982,NBA,Phoenix Suns,PHO,TRUE,26.4,46,36,50,32
1982,NBA,Portland Trail Blazers,POR,FALSE,24.7,42,40,43,39
1982,NBA,San Antonio Spurs,SAS,TRUE,26.1,48,34,47,35
1982,NBA,San Diego Clippers,SDC,FALSE,25.4,17,65,23,59
1982,NBA,Seattle SuperSonics,SEA,TRUE,26.4,52,30,52,30
1982,NBA,Utah Jazz,UTA,FALSE,24.9,25,57,27,55
1982,NBA,Washington Bullets,WSB,TRUE,26,43,39,43,39
1982,NBA,League Average,NA,FALSE,26.1,NA,NA,41,41
1981,NBA,Atlanta Hawks,ATL,FALSE,26.8,31,51,33,49
1981,NBA,Boston Celtics,BOS,TRUE,27,62,20,56,26
1981,NBA,Chicago Bulls,CHI,TRUE,26.5,45,37,46,36
1981,NBA,Cleveland Cavaliers,CLE,FALSE,25.7,28,54,29,53
1981,NBA,Dallas Mavericks,DAL,FALSE,24.8,15,67,20,62
1981,NBA,Denver Nuggets,DEN,FALSE,26.8,37,45,40,42
1981,NBA,Detroit Pistons,DET,FALSE,24.3,21,61,24,58
1981,NBA,Golden State Warriors,GSW,FALSE,24.4,39,43,38,44
1981,NBA,Houston Rockets,HOU,TRUE,26.8,40,42,42,40
1981,NBA,Indiana Pacers,IND,TRUE,26,44,38,45,37
1981,NBA,Kansas City Kings,KCK,TRUE,26.2,40,42,41,41
1981,NBA,Los Angeles Lakers,LAL,TRUE,27,54,28,51,31
1981,NBA,Milwaukee Bucks,MIL,TRUE,26.6,60,22,59,23
1981,NBA,New Jersey Nets,NJN,FALSE,25.2,24,58,26,56
1981,NBA,New York Knicks,NYK,TRUE,25.1,50,32,45,37
1981,NBA,Philadelphia 76ers,PHI,TRUE,27.2,62,20,60,22
1981,NBA,Phoenix Suns,PHO,TRUE,25.7,57,25,55,27
1981,NBA,Portland Trail Blazers,POR,TRUE,25.7,45,37,43,39
1981,NBA,San Antonio Spurs,SAS,TRUE,26.7,52,30,48,34
1981,NBA,San Diego Clippers,SDC,FALSE,27.6,36,46,37,45
1981,NBA,Seattle SuperSonics,SEA,FALSE,26.8,34,48,37,45
1981,NBA,Utah Jazz,UTA,FALSE,25.3,28,54,26,56
1981,NBA,Washington Bullets,WSB,FALSE,28.6,39,43,41,41
1981,NBA,League Average,NA,FALSE,26.2,NA,NA,41,41
1980,NBA,Atlanta Hawks,ATL,TRUE,26.1,50,32,49,33
1980,NBA,Boston Celtics,BOS,TRUE,27.3,61,21,60,22
1980,NBA,Chicago Bulls,CHI,FALSE,25.9,30,52,34,48
1980,NBA,Cleveland Cavaliers,CLE,FALSE,27.4,37,45,42,40
1980,NBA,Denver Nuggets,DEN,FALSE,27.1,30,52,30,52
1980,NBA,Detroit Pistons,DET,FALSE,24.7,16,66,22,60
1980,NBA,Golden State Warriors,GSW,FALSE,26.3,24,58,29,53
1980,NBA,Houston Rockets,HOU,TRUE,27.3,41,41,41,41
1980,NBA,Indiana Pacers,IND,FALSE,25.3,37,45,39,43
1980,NBA,Kansas City Kings,KCK,TRUE,25.5,47,35,49,33
1980,NBA,Los Angeles Lakers,LAL,TRUE,26.2,60,22,55,27
1980,NBA,Milwaukee Bucks,MIL,TRUE,25.3,49,33,51,31
1980,NBA,New Jersey Nets,NJN,FALSE,26.1,34,48,38,44
1980,NBA,New York Knicks,NYK,FALSE,24.1,39,43,38,44
1980,NBA,Philadelphia 76ers,PHI,TRUE,27,59,23,52,30
1980,NBA,Phoenix Suns,PHO,TRUE,26.5,55,27,50,32
1980,NBA,Portland Trail Blazers,POR,TRUE,26.3,38,44,39,43
1980,NBA,San Antonio Spurs,SAS,TRUE,26.9,41,41,40,42
1980,NBA,San Diego Clippers,SDC,FALSE,27.6,35,47,30,52
1980,NBA,Seattle SuperSonics,SEA,TRUE,27,56,26,53,29
1980,NBA,Utah Jazz,UTA,FALSE,26.1,24,58,25,57
1980,NBA,Washington Bullets,WSB,TRUE,29,39,43,34,48
1980,NBA,League Average,NA,FALSE,26.5,NA,NA,41,41
1979,NBA,Atlanta Hawks,ATL,TRUE,24.6,46,36,47,35
1979,NBA,Boston Celtics,BOS,FALSE,27.5,29,53,28,54
1979,NBA,Chicago Bulls,CHI,FALSE,26.2,31,51,31,51
1979,NBA,Cleveland Cavaliers,CLE,FALSE,27.3,30,52,31,51
1979,NBA,Denver Nuggets,DEN,TRUE,26.2,47,35,44,38
1979,NBA,Detroit Pistons,DET,FALSE,25.4,30,52,34,48
1979,NBA,Golden State Warriors,GSW,FALSE,25.2,38,44,42,40
1979,NBA,Houston Rockets,HOU,TRUE,27.6,47,35,43,39
1979,NBA,Indiana Pacers,IND,FALSE,25,38,44,37,45
1979,NBA,Kansas City Kings,KCK,TRUE,25.7,48,34,48,34
1979,NBA,Los Angeles Lakers,LAL,TRUE,27.2,47,35,49,33
1979,NBA,Milwaukee Bucks,MIL,FALSE,24.8,38,44,47,35
1979,NBA,New Jersey Nets,NJN,TRUE,25.7,37,45,30,52
1979,NBA,New Orleans Jazz,NOJ,FALSE,26.7,26,56,26,56
1979,NBA,New York Knicks,NYK,FALSE,25.7,31,51,32,50
1979,NBA,Philadelphia 76ers,PHI,TRUE,26.4,47,35,46,36
1979,NBA,Phoenix Suns,PHO,TRUE,25.5,50,32,50,32
1979,NBA,Portland Trail Blazers,POR,TRUE,25.6,45,37,44,38
1979,NBA,San Antonio Spurs,SAS,TRUE,27.3,48,34,53,29
1979,NBA,San Diego Clippers,SDC,FALSE,27.3,43,39,37,45
1979,NBA,Seattle SuperSonics,SEA,TRUE,26.8,52,30,48,34
1979,NBA,Washington Bullets,WSB,TRUE,28.2,54,28,53,29
1979,NBA,League Average,NA,FALSE,26.2,NA,NA,41,41
1978,NBA,Atlanta Hawks,ATL,TRUE,25,41,41,41,41
1978,NBA,Boston Celtics,BOS,FALSE,29.7,32,50,36,46
1978,NBA,Buffalo Braves,BUF,FALSE,27.1,27,55,31,51
1978,NBA,Chicago Bulls,CHI,FALSE,26.5,40,42,39,43
1978,NBA,Cleveland Cavaliers,CLE,TRUE,27.8,43,39,42,40
1978,NBA,Denver Nuggets,DEN,TRUE,25.2,48,34,43,39
1978,NBA,Detroit Pistons,DET,FALSE,25.9,38,44,38,44
1978,NBA,Golden State Warriors,GSW,FALSE,26.6,43,39,42,40
1978,NBA,Houston Rockets,HOU,FALSE,25.4,28,54,30,52
1978,NBA,Indiana Pacers,IND,FALSE,24.7,31,51,35,47
1978,NBA,Kansas City Kings,KCK,FALSE,26.1,31,51,36,46
1978,NBA,Los Angeles Lakers,LAL,TRUE,25.8,45,37,48,34
1978,NBA,Milwaukee Bucks,MIL,TRUE,23.8,44,38,40,42
1978,NBA,New Jersey Nets,NJN,FALSE,25.5,24,58,26,56
1978,NBA,New Orleans Jazz,NOJ,FALSE,26.7,39,43,36,46
1978,NBA,New York Knicks,NYK,TRUE,27,43,39,40,42
1978,NBA,Philadelphia 76ers,PHI,TRUE,26.2,55,27,54,28
1978,NBA,Phoenix Suns,PHO,TRUE,25.5,49,33,51,31
1978,NBA,Portland Trail Blazers,POR,TRUE,25.3,58,24,57,25
1978,NBA,San Antonio Spurs,SAS,TRUE,26.9,52,30,49,33
1978,NBA,Seattle SuperSonics,SEA,TRUE,26,47,35,45,37
1978,NBA,Washington Bullets,WSB,TRUE,27.4,44,38,43,39
1978,NBA,League Average,NA,FALSE,26.2,NA,NA,41,41
1977,NBA,Atlanta Hawks,ATL,FALSE,24.5,31,51,30,52
1977,NBA,Boston Celtics,BOS,TRUE,28.7,44,38,36,46
1977,NBA,Buffalo Braves,BUF,FALSE,25.8,30,52,29,53
1977,NBA,Chicago Bulls,CHI,TRUE,26.1,44,38,44,38
1977,NBA,Cleveland Cavaliers,CLE,TRUE,27.4,43,39,44,38
1977,NBA,Denver Nuggets,DEN,TRUE,27.3,50,32,54,28
1977,NBA,Detroit Pistons,DET,TRUE,25.8,44,38,38,44
1977,NBA,Golden State Warriors,GSW,TRUE,25.8,46,36,49,33
1977,NBA,Houston Rockets,HOU,TRUE,25.8,49,33,45,37
1977,NBA,Indiana Pacers,IND,FALSE,25.6,36,46,36,46
1977,NBA,Kansas City Kings,KCK,FALSE,25.9,40,42,43,39
1977,NBA,Los Angeles Lakers,LAL,TRUE,27.2,53,29,48,34
1977,NBA,Milwaukee Bucks,MIL,FALSE,25,30,52,33,49
1977,NBA,New Orleans Jazz,NOJ,FALSE,26.1,35,47,33,49
1977,NBA,New York Knicks,NYK,FALSE,27.8,40,42,41,41
1977,NBA,New York Nets,NYN,FALSE,25.8,22,60,23,59
1977,NBA,Philadelphia 76ers,PHI,TRUE,25.6,50,32,51,31
1977,NBA,Phoenix Suns,PHO,FALSE,26.6,34,48,43,39
1977,NBA,Portland Trail Blazers,POR,TRUE,24.5,49,33,55,27
1977,NBA,San Antonio Spurs,SAS,TRUE,25.8,44,38,43,39
1977,NBA,Seattle SuperSonics,SEA,FALSE,25,40,42,37,45
1977,NBA,Washington Bullets,WSB,TRUE,27.4,48,34,44,38
1977,NBA,League Average,NA,FALSE,26.1,NA,NA,41,41
1976,ABA,Denver Nuggets,DNA,TRUE,25.4,60,24,56,28
1976,ABA,Indiana Pacers,INA,TRUE,24.7,39,45,41,43
1976,ABA,Kentucky Colonels,KEN,TRUE,26.2,46,38,44,40
1976,ABA,New York Nets,NYA,TRUE,25.4,55,29,50,34
1976,ABA,San Antonio Spurs,SAA,TRUE,24.5,50,34,52,32
1976,ABA,San Diego Sails,SDS,FALSE,24.9,3,8,4,7
1976,ABA,Spirits of St. Louis,SSL,FALSE,25.8,35,49,34,50
1976,ABA,Utah Stars,UTS,FALSE,26.9,4,12,7,9
1976,ABA,Virginia Squires,VIR,FALSE,25.6,15,68,19,64
1976,ABA,League Average,NA,FALSE,25.3,NA,NA,34,34
1976,NBA,Atlanta Hawks,ATL,FALSE,25.9,29,53,33,49
1976,NBA,Boston Celtics,BOS,TRUE,29,54,28,47,35
1976,NBA,Buffalo Braves,BUF,TRUE,26.2,46,36,43,39
1976,NBA,Chicago Bulls,CHI,FALSE,27.4,24,58,33,49
1976,NBA,Cleveland Cavaliers,CLE,TRUE,26.8,49,33,48,34
1976,NBA,Detroit Pistons,DET,TRUE,25.8,36,46,38,44
1976,NBA,Golden State Warriors,GSW,TRUE,25.5,59,23,58,24
1976,NBA,Houston Rockets,HOU,FALSE,25.7,40,42,39,43
1976,NBA,Kansas City Kings,KCK,FALSE,26.2,31,51,33,49
1976,NBA,Los Angeles Lakers,LAL,FALSE,28.1,40,42,41,41
1976,NBA,Milwaukee Bucks,MIL,TRUE,24.9,38,44,37,45
1976,NBA,New Orleans Jazz,NOJ,FALSE,25.5,38,44,39,43
1976,NBA,New York Knicks,NYK,FALSE,28.7,38,44,38,44
1976,NBA,Philadelphia 76ers,PHI,TRUE,26.3,46,36,42,40
1976,NBA,Phoenix Suns,PHO,TRUE,26.2,42,40,43,39
1976,NBA,Portland Trail Blazers,POR,FALSE,25.4,37,45,38,44
1976,NBA,Seattle SuperSonics,SEA,TRUE,24.5,43,39,40,42
1976,NBA,Washington Bullets,WSB,TRUE,28.2,48,34,48,34
1976,NBA,League Average,NA,FALSE,26.5,NA,NA,41,41
1975,ABA,Denver Nuggets,DNA,TRUE,25.2,65,19,59,25
1975,ABA,Indiana Pacers,INA,TRUE,24.3,45,39,45,39
1975,ABA,Kentucky Colonels,KEN,TRUE,26.2,58,26,61,23
1975,ABA,Memphis Sounds,MMS,TRUE,27.5,27,57,28,56
1975,ABA,New York Nets,NYA,TRUE,24.5,58,26,61,23
1975,ABA,San Antonio Spurs,SAA,TRUE,25.6,51,33,53,31
1975,ABA,San Diego Conquistadors,SDA,FALSE,24.8,31,53,28,56
1975,ABA,Spirits of St. Louis,SSL,TRUE,25.1,32,52,31,53
1975,ABA,Utah Stars,UTS,TRUE,26.9,38,46,37,47
1975,ABA,Virginia Squires,VIR,FALSE,24.8,15,69,16,68
1975,ABA,League Average,NA,FALSE,25.7,NA,NA,42,42
1975,NBA,Atlanta Hawks,ATL,FALSE,25.1,31,51,37,45
1975,NBA,Boston Celtics,BOS,TRUE,29.1,60,22,56,26
1975,NBA,Buffalo Braves,BUF,TRUE,26.4,49,33,47,35
1975,NBA,Chicago Bulls,CHI,TRUE,30.2,47,35,50,32
1975,NBA,Cleveland Cavaliers,CLE,FALSE,25.9,40,42,40,42
1975,NBA,Detroit Pistons,DET,TRUE,26.6,40,42,37,45
1975,NBA,Golden State Warriors,GSW,TRUE,25.8,48,34,50,32
1975,NBA,Houston Rockets,HOU,TRUE,25.2,41,41,44,38
1975,NBA,Kansas City-Omaha Kings,KCO,TRUE,25.5,44,38,40,42
1975,NBA,Los Angeles Lakers,LAL,FALSE,28.2,30,52,30,52
1975,NBA,Milwaukee Bucks,MIL,FALSE,26.2,38,44,42,40
1975,NBA,New Orleans Jazz,NOJ,FALSE,26,23,59,21,61
1975,NBA,New York Knicks,NYK,TRUE,27.7,40,42,38,44
1975,NBA,Philadelphia 76ers,PHI,FALSE,27.7,34,48,32,50
1975,NBA,Phoenix Suns,PHO,FALSE,25.9,32,50,34,48
1975,NBA,Portland Trail Blazers,POR,FALSE,26,38,44,42,40
1975,NBA,Seattle SuperSonics,SEA,TRUE,25.6,43,39,38,44
1975,NBA,Washington Bullets,WSB,TRUE,26.6,60,22,60,22
1975,NBA,League Average,NA,FALSE,26.7,NA,NA,41,41
1974,ABA,Carolina Cougars,CAR,TRUE,27.5,47,37,51,33
1974,ABA,Denver Rockets,DNR,TRUE,25.5,37,47,41,43
1974,ABA,Indiana Pacers,INA,TRUE,26.8,46,38,44,40
1974,ABA,Kentucky Colonels,KEN,TRUE,25.6,53,31,53,31
1974,ABA,Memphis Tams,MMT,FALSE,25.1,21,63,24,60
1974,ABA,New York Nets,NYA,TRUE,23.4,55,29,56,28
1974,ABA,San Antonio Spurs,SAA,TRUE,24.6,45,39,45,39
1974,ABA,San Diego Conquistadors,SDA,TRUE,25.1,37,47,36,48
1974,ABA,Utah Stars,UTS,TRUE,27.8,51,33,43,41
1974,ABA,Virginia Squires,VIR,TRUE,26.4,28,56,29,55
1974,ABA,League Average,NA,FALSE,25.7,NA,NA,42,42
1974,NBA,Atlanta Hawks,ATL,FALSE,27.1,35,47,37,45
1974,NBA,Boston Celtics,BOS,TRUE,28.5,56,26,51,31
1974,NBA,Buffalo Braves,BUF,TRUE,24.4,42,40,41,41
1974,NBA,Capital Bullets,CAP,TRUE,26.4,47,35,45,37
1974,NBA,Chicago Bulls,CHI,TRUE,28.7,54,28,50,32
1974,NBA,Cleveland Cavaliers,CLE,FALSE,26.5,29,53,29,53
1974,NBA,Detroit Pistons,DET,TRUE,26.2,52,30,52,30
1974,NBA,Golden State Warriors,GSW,FALSE,28.4,44,38,48,34
1974,NBA,Houston Rockets,HOU,FALSE,25.4,32,50,41,41
1974,NBA,Kansas City-Omaha Kings,KCO,FALSE,26.7,33,49,31,51
1974,NBA,Los Angeles Lakers,LAL,TRUE,28.7,47,35,43,39
1974,NBA,Milwaukee Bucks,MIL,TRUE,27.3,59,23,61,21
1974,NBA,New York Knicks,NYK,TRUE,28.5,49,33,49,33
1974,NBA,Philadelphia 76ers,PHI,FALSE,28.4,25,57,24,58
1974,NBA,Phoenix Suns,PHO,FALSE,26.2,30,52,32,50
1974,NBA,Portland Trail Blazers,POR,FALSE,24.7,27,55,29,53
1974,NBA,Seattle SuperSonics,SEA,FALSE,26,36,46,34,48
1974,NBA,League Average,NA,FALSE,27,NA,NA,41,41
1973,ABA,Carolina Cougars,CAR,TRUE,27.3,57,27,54,30
1973,ABA,Dallas Chaparrals,DLC,FALSE,25.7,28,56,31,53
1973,ABA,Denver Rockets,DNR,TRUE,24.8,47,37,50,34
1973,ABA,Indiana Pacers,INA,TRUE,26.1,51,33,48,36
1973,ABA,Kentucky Colonels,KEN,TRUE,25.3,56,28,58,26
1973,ABA,Memphis Tams,MMT,FALSE,25.6,24,60,26,58
1973,ABA,New York Nets,NYA,TRUE,25.1,30,54,25,59
1973,ABA,San Diego Conquistadors,SDA,TRUE,26.5,30,54,31,53
1973,ABA,Utah Stars,UTS,TRUE,28.3,55,29,56,28
1973,ABA,Virginia Squires,VIR,TRUE,24.4,42,42,41,43
1973,ABA,League Average,NA,FALSE,26,NA,NA,42,42
1973,NBA,Atlanta Hawks,ATL,TRUE,27.1,46,36,41,41
1973,NBA,Baltimore Bullets,BAL,TRUE,26.3,52,30,50,32
1973,NBA,Boston Celtics,BOS,TRUE,28,68,14,61,21
1973,NBA,Buffalo Braves,BUF,FALSE,24.7,21,61,19,63
1973,NBA,Chicago Bulls,CHI,TRUE,27.7,51,31,51,31
1973,NBA,Cleveland Cavaliers,CLE,FALSE,26.2,32,50,34,48
1973,NBA,Detroit Pistons,DET,FALSE,25.4,40,42,42,40
1973,NBA,Golden State Warriors,GSW,TRUE,28.6,47,35,49,33
1973,NBA,Houston Rockets,HOU,FALSE,25.7,33,49,37,45
1973,NBA,Kansas City-Omaha Kings,KCO,FALSE,26.3,36,46,33,49
1973,NBA,Los Angeles Lakers,LAL,TRUE,30.3,60,22,62,20
1973,NBA,Milwaukee Bucks,MIL,TRUE,26.4,60,22,62,20
1973,NBA,New York Knicks,NYK,TRUE,28.7,57,25,59,23
1973,NBA,Philadelphia 76ers,PHI,FALSE,27.6,9,73,15,67
1973,NBA,Phoenix Suns,PHO,FALSE,26.2,38,44,38,44
1973,NBA,Portland Trail Blazers,POR,FALSE,24,21,61,25,57
1973,NBA,Seattle SuperSonics,SEA,FALSE,25.1,26,56,26,56
1973,NBA,League Average,NA,FALSE,26.7,NA,NA,41,41
1972,ABA,Carolina Cougars,CAR,FALSE,26.4,35,49,34,50
1972,ABA,Dallas Chaparrals,DLC,TRUE,25.7,42,42,42,42
1972,ABA,Denver Rockets,DNR,TRUE,25.6,34,50,39,45
1972,ABA,The Floridians,FLO,TRUE,25.9,36,48,38,46
1972,ABA,Indiana Pacers,INA,TRUE,26.2,47,37,49,35
1972,ABA,Kentucky Colonels,KEN,TRUE,24.9,68,16,63,21
1972,ABA,Memphis Pros,MMP,FALSE,25.2,26,58,28,56
1972,ABA,New York Nets,NYA,TRUE,25.1,44,40,43,41
1972,ABA,Pittsburgh Condors,PTC,FALSE,25.3,25,59,26,58
1972,ABA,Utah Stars,UTS,TRUE,26.6,60,24,56,28
1972,ABA,Virginia Squires,VIR,TRUE,25.2,45,39,44,40
1972,ABA,League Average,NA,FALSE,25.7,NA,NA,42,42
1972,NBA,Atlanta Hawks,ATL,TRUE,26.8,36,46,36,46
1972,NBA,Baltimore Bullets,BAL,TRUE,26.7,38,44,38,44
1972,NBA,Boston Celtics,BOS,TRUE,27.6,56,26,53,29
1972,NBA,Buffalo Braves,BUF,FALSE,25,22,60,19,63
1972,NBA,Chicago Bulls,CHI,TRUE,27.5,57,25,61,21
1972,NBA,Cincinnati Royals,CIN,FALSE,25.7,30,52,31,51
1972,NBA,Cleveland Cavaliers,CLE,FALSE,24.2,23,59,22,60
1972,NBA,Detroit Pistons,DET,FALSE,26.2,26,56,25,57
1972,NBA,Golden State Warriors,GSW,TRUE,27.7,51,31,43,39
1972,NBA,Houston Rockets,HOU,FALSE,24.6,34,48,37,45
1972,NBA,Los Angeles Lakers,LAL,TRUE,29.5,69,13,67,15
1972,NBA,Milwaukee Bucks,MIL,TRUE,26.3,63,19,66,16
1972,NBA,New York Knicks,NYK,TRUE,28.8,48,34,48,34
1972,NBA,Philadelphia 76ers,PHI,FALSE,28.3,30,52,32,50
1972,NBA,Phoenix Suns,PHO,FALSE,26.6,49,33,54,28
1972,NBA,Portland Trail Blazers,POR,FALSE,24.5,18,64,19,63
1972,NBA,Seattle SuperSonics,SEA,FALSE,26.7,47,35,42,40
1972,NBA,League Average,NA,FALSE,26.7,NA,NA,41,41
1971,ABA,Carolina Cougars,CAR,FALSE,26.6,34,50,32,52
1971,ABA,Denver Rockets,DNR,TRUE,25,30,54,32,52
1971,ABA,The Floridians,FLO,TRUE,25.6,37,47,38,46
1971,ABA,Indiana Pacers,INA,TRUE,26.4,58,26,56,28
1971,ABA,Kentucky Colonels,KEN,TRUE,26.3,44,40,42,42
1971,ABA,Memphis Pros,MMP,TRUE,25.7,41,43,40,44
1971,ABA,New York Nets,NYA,TRUE,24.5,40,44,40,44
1971,ABA,Pittsburgh Condors,PTC,FALSE,24.2,36,48,35,49
1971,ABA,Texas Chaparrals,TEX,TRUE,25.1,30,54,35,49
1971,ABA,Utah Stars,UTS,TRUE,25.9,57,27,59,25
1971,ABA,Virginia Squires,VIR,TRUE,26.3,55,29,50,34
1971,ABA,League Average,NA,FALSE,25.7,NA,NA,42,42
1971,NBA,Atlanta Hawks,ATL,TRUE,27.6,36,46,37,45
1971,NBA,Baltimore Bullets,BAL,TRUE,27.5,42,40,42,40
1971,NBA,Boston Celtics,BOS,FALSE,26.2,44,38,46,36
1971,NBA,Buffalo Braves,BUF,FALSE,24.9,22,60,25,57
1971,NBA,Chicago Bulls,CHI,TRUE,27.4,51,31,54,28
1971,NBA,Cincinnati Royals,CIN,FALSE,25.7,33,49,33,49
1971,NBA,Cleveland Cavaliers,CLE,FALSE,24.3,15,67,16,66
1971,NBA,Detroit Pistons,DET,FALSE,25.8,45,37,39,43
1971,NBA,Los Angeles Lakers,LAL,TRUE,28.2,48,34,49,33
1971,NBA,Milwaukee Bucks,MIL,TRUE,26.1,66,16,67,15
1971,NBA,New York Knicks,NYK,TRUE,28,52,30,54,28
1971,NBA,Philadelphia 76ers,PHI,TRUE,29,47,35,45,37
1971,NBA,Phoenix Suns,PHO,FALSE,26,48,34,46,36
1971,NBA,Portland Trail Blazers,POR,FALSE,25.4,29,53,30,52
1971,NBA,San Diego Rockets,SDR,FALSE,25,40,42,40,42
1971,NBA,Seattle SuperSonics,SEA,FALSE,27.1,38,44,36,46
1971,NBA,San Francisco Warriors,SFW,TRUE,27.4,41,41,37,45
1971,NBA,League Average,NA,FALSE,26.6,NA,NA,41,41
1970,ABA,Carolina Cougars,CAR,TRUE,25.9,42,42,41,43
1970,ABA,Dallas Chaparrals,DLC,TRUE,24.5,45,39,47,37
1970,ABA,Denver Rockets,DNR,TRUE,24.5,51,33,53,31
1970,ABA,Indiana Pacers,INA,TRUE,26.8,59,25,51,33
1970,ABA,Kentucky Colonels,KEN,TRUE,25.7,45,39,45,39
1970,ABA,Los Angeles Stars,LAS,TRUE,24,43,41,41,43
1970,ABA,Miami Floridians,MMF,FALSE,24.2,23,61,29,55
1970,ABA,New Orleans Buccaneers,NOB,FALSE,26.3,42,42,44,40
1970,ABA,New York Nets,NYA,TRUE,25.9,39,45,40,44
1970,ABA,Pittsburgh Pipers,PTP,FALSE,24.2,29,55,31,53
1970,ABA,Washington Capitols,WSA,TRUE,25.8,44,40,40,44
1970,ABA,League Average,NA,FALSE,25.2,NA,NA,42,42
1970,NBA,Atlanta Hawks,ATL,TRUE,27.3,48,34,42,40
1970,NBA,Baltimore Bullets,BAL,TRUE,26.4,50,32,46,36
1970,NBA,Boston Celtics,BOS,FALSE,28.4,34,48,36,46
1970,NBA,Chicago Bulls,CHI,TRUE,26.3,39,43,37,45
1970,NBA,Cincinnati Royals,CIN,FALSE,27.6,36,46,34,48
1970,NBA,Detroit Pistons,DET,FALSE,26.2,31,51,33,49
1970,NBA,Los Angeles Lakers,LAL,TRUE,27.7,46,36,46,36
1970,NBA,Milwaukee Bucks,MIL,TRUE,24.9,56,26,52,30
1970,NBA,New York Knicks,NYK,TRUE,27,60,22,62,20
1970,NBA,Philadelphia 76ers,PHI,TRUE,28.1,42,40,49,33
1970,NBA,Phoenix Suns,PHO,TRUE,25.4,39,43,37,45
1970,NBA,San Diego Rockets,SDR,FALSE,25.3,27,55,34,48
1970,NBA,Seattle SuperSonics,SEA,FALSE,27.6,36,46,35,47
1970,NBA,San Francisco Warriors,SFW,FALSE,26.7,30,52,30,52
1970,NBA,League Average,NA,FALSE,26.8,NA,NA,41,41
1969,ABA,Dallas Chaparrals,DLC,TRUE,24.1,41,37,37,41
1969,ABA,Denver Rockets,DNR,TRUE,25.5,44,34,43,35
1969,ABA,Houston Mavericks,HSM,FALSE,24.7,23,55,26,52
1969,ABA,Indiana Pacers,INA,TRUE,25,44,34,48,30
1969,ABA,Kentucky Colonels,KEN,TRUE,24.9,42,36,39,39
1969,ABA,Los Angeles Stars,LAS,FALSE,23.5,33,45,32,46
1969,ABA,Miami Floridians,MMF,TRUE,24.6,43,35,40,38
1969,ABA,Minnesota Pipers,MNP,TRUE,25.2,36,42,39,39
1969,ABA,New Orleans Buccaneers,NOB,TRUE,25.1,46,32,47,31
1969,ABA,New York Nets,NYA,FALSE,25.8,17,61,20,58
1969,ABA,Oakland Oaks,OAK,TRUE,25.4,60,18,56,22
1969,ABA,League Average,NA,FALSE,24.8,NA,NA,39,39
1969,NBA,Atlanta Hawks,ATL,TRUE,27.4,48,34,47,35
1969,NBA,Baltimore Bullets,BAL,TRUE,25.9,57,25,51,31
1969,NBA,Boston Celtics,BOS,TRUE,30.5,48,34,55,27
1969,NBA,Chicago Bulls,CHI,FALSE,25.7,33,49,35,47
1969,NBA,Cincinnati Royals,CIN,FALSE,27.9,41,41,38,44
1969,NBA,Detroit Pistons,DET,FALSE,26.2,32,50,33,49
1969,NBA,Los Angeles Lakers,LAL,TRUE,29.5,55,27,52,30
1969,NBA,Milwaukee Bucks,MIL,FALSE,26.7,27,55,28,54
1969,NBA,New York Knicks,NYK,TRUE,26.2,54,28,56,26
1969,NBA,Philadelphia 76ers,PHI,TRUE,27.9,55,27,53,29
1969,NBA,Phoenix Suns,PHO,FALSE,24.8,16,66,21,61
1969,NBA,San Diego Rockets,SDR,TRUE,25.1,37,45,41,41
1969,NBA,Seattle SuperSonics,SEA,FALSE,25.9,30,52,29,53
1969,NBA,San Francisco Warriors,SFW,TRUE,26.4,41,41,37,45
1969,NBA,League Average,NA,FALSE,26.9,NA,NA,41,41
1968,ABA,Anaheim Amigos,ANA,FALSE,22.3,25,53,28,50
1968,ABA,Dallas Chaparrals,DLC,TRUE,22.6,46,32,42,36
1968,ABA,Denver Rockets,DNR,TRUE,24.2,45,33,50,28
1968,ABA,Houston Mavericks,HSM,TRUE,23.6,29,49,28,50
1968,ABA,Indiana Pacers,INA,TRUE,24.7,38,40,40,38
1968,ABA,Kentucky Colonels,KEN,TRUE,24.7,36,42,37,41
1968,ABA,Minnesota Muskies,MNM,TRUE,22.2,50,28,49,29
1968,ABA,New Jersey Americans,NJA,FALSE,25.4,36,42,35,43
1968,ABA,New Orleans Buccaneers,NOB,TRUE,26.1,48,30,51,27
1968,ABA,Oakland Oaks,OAK,FALSE,24.9,22,56,24,54
1968,ABA,Pittsburgh Pipers,PTP,TRUE,24.8,54,24,47,31
1968,ABA,League Average,NA,FALSE,24.1,NA,NA,39,39
1968,NBA,Baltimore Bullets,BAL,FALSE,26.7,36,46,40,42
1968,NBA,Boston Celtics,BOS,TRUE,29.5,54,28,51,31
1968,NBA,Chicago Bulls,CHI,TRUE,25.3,29,53,31,51
1968,NBA,Cincinnati Royals,CIN,FALSE,28,39,43,39,43
1968,NBA,Detroit Pistons,DET,TRUE,26,40,42,36,46
1968,NBA,Los Angeles Lakers,LAL,TRUE,27.8,52,30,54,28
1968,NBA,New York Knicks,NYK,TRUE,25.6,43,39,46,36
1968,NBA,Philadelphia 76ers,PHI,TRUE,27.6,62,20,60,22
1968,NBA,San Diego Rockets,SDR,FALSE,26.4,15,67,22,60
1968,NBA,Seattle SuperSonics,SEA,FALSE,25.1,23,59,26,56
1968,NBA,San Francisco Warriors,SFW,TRUE,26.2,43,39,40,42
1968,NBA,St. Louis Hawks,STL,TRUE,26.9,56,26,48,34
1968,NBA,League Average,NA,FALSE,26.8,NA,NA,41,41
1967,NBA,Baltimore Bullets,BAL,FALSE,27.5,20,61,26,55
1967,NBA,Boston Celtics,BOS,TRUE,29.6,60,21,59,22
1967,NBA,Chicago Bulls,CHI,TRUE,25.6,33,48,31,50
1967,NBA,Cincinnati Royals,CIN,TRUE,26.4,39,42,40,41
1967,NBA,Detroit Pistons,DET,FALSE,25.2,30,51,27,54
1967,NBA,Los Angeles Lakers,LAL,TRUE,27.1,36,45,41,40
1967,NBA,New York Knicks,NYK,TRUE,25.2,36,45,33,48
1967,NBA,Philadelphia 76ers,PHI,TRUE,27,68,13,61,20
1967,NBA,San Francisco Warriors,SFW,TRUE,25.3,44,37,47,34
1967,NBA,St. Louis Hawks,STL,TRUE,26.7,39,42,37,44
1967,NBA,League Average,NA,FALSE,26.6,NA,NA,40,41
1966,NBA,Baltimore Bullets,BAL,TRUE,27.8,38,42,37,43
1966,NBA,Boston Celtics,BOS,TRUE,28.8,54,26,52,28
1966,NBA,Cincinnati Royals,CIN,TRUE,26.8,45,35,43,37
1966,NBA,Detroit Pistons,DET,FALSE,25,22,58,24,56
1966,NBA,Los Angeles Lakers,LAL,TRUE,26.5,45,35,47,33
1966,NBA,New York Knicks,NYK,FALSE,25.4,30,50,34,46
1966,NBA,Philadelphia 76ers,PHI,TRUE,26.5,55,25,51,29
1966,NBA,San Francisco Warriors,SFW,FALSE,25.6,35,45,34,46
1966,NBA,St. Louis Hawks,STL,TRUE,27.4,36,44,39,41
1966,NBA,League Average,NA,FALSE,26.6,NA,NA,40,40
1965,NBA,Baltimore Bullets,BAL,TRUE,26.1,37,43,35,45
1965,NBA,Boston Celtics,BOS,TRUE,28.3,62,18,60,20
1965,NBA,Cincinnati Royals,CIN,TRUE,26.5,48,32,46,34
1965,NBA,Detroit Pistons,DET,FALSE,24.4,31,49,31,49
1965,NBA,Los Angeles Lakers,LAL,TRUE,26.4,49,31,45,35
1965,NBA,New York Knicks,NYK,FALSE,25.5,31,49,31,49
1965,NBA,Philadelphia 76ers,PHI,TRUE,27.6,40,40,40,40
1965,NBA,San Francisco Warriors,SFW,FALSE,25.6,17,63,25,55
1965,NBA,St. Louis Hawks,STL,TRUE,27.1,45,35,48,32
1965,NBA,League Average,NA,FALSE,26.4,NA,NA,40,40
1964,NBA,Baltimore Bullets,BAL,FALSE,25,31,49,36,44
1964,NBA,Boston Celtics,BOS,TRUE,28.4,59,21,59,21
1964,NBA,Cincinnati Royals,CIN,TRUE,26,55,25,52,28
1964,NBA,Detroit Pistons,DET,FALSE,25.5,23,57,22,58
1964,NBA,Los Angeles Lakers,LAL,TRUE,26.3,42,38,43,37
1964,NBA,New York Knicks,NYK,FALSE,25.7,22,58,24,56
1964,NBA,Philadelphia 76ers,PHI,TRUE,27.4,34,46,30,50
1964,NBA,San Francisco Warriors,SFW,TRUE,25.5,48,32,53,27
1964,NBA,St. Louis Hawks,STL,TRUE,27.5,46,34,44,36
1964,NBA,League Average,NA,FALSE,26.3,NA,NA,40,40
1963,NBA,Boston Celtics,BOS,TRUE,28.3,58,22,56,24
1963,NBA,Chicago Zephyrs,CHZ,FALSE,25.3,25,55,30,50
1963,NBA,Cincinnati Royals,CIN,TRUE,26,42,38,43,37
1963,NBA,Detroit Pistons,DET,TRUE,24.9,34,46,31,49
1963,NBA,Los Angeles Lakers,LAL,TRUE,26.2,53,27,48,32
1963,NBA,New York Knicks,NYK,FALSE,27.7,21,59,23,57
1963,NBA,San Francisco Warriors,SFW,FALSE,25.7,31,49,35,45
1963,NBA,St. Louis Hawks,STL,TRUE,26.1,48,32,45,35
1963,NBA,Syracuse Nationals,SYR,TRUE,26.7,48,32,49,31
1963,NBA,League Average,NA,FALSE,26.4,NA,NA,40,40
1962,NBA,Boston Celtics,BOS,TRUE,27.9,60,20,60,20
1962,NBA,Chicago Packers,CHP,FALSE,25.8,18,62,21,59
1962,NBA,Cincinnati Royals,CIN,TRUE,25,43,37,44,36
1962,NBA,Detroit Pistons,DET,TRUE,26,37,43,36,44
1962,NBA,Los Angeles Lakers,LAL,TRUE,25.9,54,26,45,35
1962,NBA,New York Knicks,NYK,FALSE,26,29,51,29,51
1962,NBA,Philadelphia Warriors,PHW,TRUE,26.5,49,31,46,34
1962,NBA,St. Louis Hawks,STL,FALSE,27.4,29,51,32,48
1962,NBA,Syracuse Nationals,SYR,TRUE,26.9,41,39,45,35
1962,NBA,League Average,NA,FALSE,26.3,NA,NA,40,40
1961,NBA,Boston Celtics,BOS,TRUE,28.3,57,22,52,27
1961,NBA,Cincinnati Royals,CIN,FALSE,24.4,33,46,32,47
1961,NBA,Detroit Pistons,DET,TRUE,25.8,34,45,34,45
1961,NBA,Los Angeles Lakers,LAL,TRUE,25.2,36,43,39,40
1961,NBA,New York Knicks,NYK,FALSE,26.2,21,58,25,54
1961,NBA,Philadelphia Warriors,PHW,TRUE,27,46,33,42,37
1961,NBA,St. Louis Hawks,STL,TRUE,27.4,51,28,48,31
1961,NBA,Syracuse Nationals,SYR,TRUE,26.7,38,41,44,35
1961,NBA,League Average,NA,FALSE,26.4,NA,NA,40,39
1960,NBA,Boston Celtics,BOS,TRUE,27.5,59,16,54,21
1960,NBA,Cincinnati Royals,CIN,FALSE,25,19,56,24,51
1960,NBA,Detroit Pistons,DET,TRUE,27.1,30,45,30,45
1960,NBA,Minneapolis Lakers,MNL,TRUE,25.5,25,50,28,47
1960,NBA,New York Knicks,NYK,FALSE,26.4,27,48,32,43
1960,NBA,Philadelphia Warriors,PHW,TRUE,26.2,49,26,43,32
1960,NBA,St. Louis Hawks,STL,TRUE,27.6,46,29,44,31
1960,NBA,Syracuse Nationals,SYR,TRUE,27,45,30,43,32
1960,NBA,League Average,NA,FALSE,26.5,NA,NA,37,38
1959,NBA,Boston Celtics,BOS,TRUE,27.1,52,20,50,22
1959,NBA,Cincinnati Royals,CIN,FALSE,23.7,19,53,17,55
1959,NBA,Detroit Pistons,DET,TRUE,27.5,28,44,33,39
1959,NBA,Minneapolis Lakers,MNL,TRUE,25.7,33,39,33,39
1959,NBA,New York Knicks,NYK,TRUE,25.7,40,32,37,35
1959,NBA,Philadelphia Warriors,PHW,FALSE,26.9,32,40,29,43
1959,NBA,St. Louis Hawks,STL,TRUE,28.1,49,23,45,27
1959,NBA,Syracuse Nationals,SYR,TRUE,26.2,35,37,45,27
1959,NBA,League Average,NA,FALSE,26.4,NA,NA,36,36
1958,NBA,Boston Celtics,BOS,TRUE,27.6,49,23,48,24
1958,NBA,Cincinnati Royals,CIN,TRUE,25.7,33,39,33,39
1958,NBA,Detroit Pistons,DET,TRUE,28.4,33,39,30,42
1958,NBA,Minneapolis Lakers,MNL,FALSE,25.9,19,53,22,50
1958,NBA,New York Knicks,NYK,FALSE,25.1,35,37,39,33
1958,NBA,Philadelphia Warriors,PHW,TRUE,26.8,37,35,36,36
1958,NBA,St. Louis Hawks,STL,TRUE,28,41,31,39,33
1958,NBA,Syracuse Nationals,SYR,TRUE,26.6,41,31,41,31
1958,NBA,League Average,NA,FALSE,26.7,NA,NA,36,36
1957,NBA,Boston Celtics,BOS,TRUE,27,44,28,49,23
1957,NBA,Fort Wayne Pistons,FTW,TRUE,26.7,34,38,30,42
1957,NBA,Minneapolis Lakers,MNL,TRUE,25.5,34,38,34,38
1957,NBA,New York Knicks,NYK,FALSE,27,36,36,36,36
1957,NBA,Philadelphia Warriors,PHW,TRUE,26.7,37,35,40,32
1957,NBA,Rochester Royals,ROC,FALSE,23.4,31,41,30,42
1957,NBA,St. Louis Hawks,STL,TRUE,27.7,34,38,36,36
1957,NBA,Syracuse Nationals,SYR,TRUE,25.7,38,34,32,40
1957,NBA,League Average,NA,FALSE,26.3,NA,NA,36,36
1956,NBA,Boston Celtics,BOS,TRUE,26.9,39,33,38,34
1956,NBA,Fort Wayne Pistons,FTW,TRUE,27.2,37,35,38,34
1956,NBA,Minneapolis Lakers,MNL,TRUE,26.8,33,39,34,38
1956,NBA,New York Knicks,NYK,TRUE,26.8,35,37,35,37
1956,NBA,Philadelphia Warriors,PHW,TRUE,25.6,45,27,46,26
1956,NBA,Rochester Royals,ROC,FALSE,25.2,31,41,29,43
1956,NBA,St. Louis Hawks,STL,TRUE,25.7,33,39,32,40
1956,NBA,Syracuse Nationals,SYR,TRUE,26.1,35,37,36,36
1956,NBA,League Average,NA,FALSE,26.3,NA,NA,36,36
1955,NBA,Baltimore Bullets,BLB,FALSE,24.9,NA,NA,NA,NA
1955,NBA,Boston Celtics,BOS,TRUE,26.7,36,36,36,36
1955,NBA,Fort Wayne Pistons,FTW,TRUE,27.1,43,29,43,29
1955,NBA,Milwaukee Hawks,MLH,FALSE,25.9,26,46,28,44
1955,NBA,Minneapolis Lakers,MNL,TRUE,26.8,40,32,39,33
1955,NBA,New York Knicks,NYK,TRUE,27.1,38,34,36,36
1955,NBA,Philadelphia Warriors,PHW,FALSE,25.2,33,39,35,37
1955,NBA,Rochester Royals,ROC,TRUE,29,29,43,32,40
1955,NBA,Syracuse Nationals,SYR,TRUE,26.2,43,29,40,32
1955,NBA,League Average,NA,FALSE,26.5,NA,NA,36,36
1954,NBA,Baltimore Bullets,BLB,FALSE,24.1,16,56,17,55
1954,NBA,Boston Celtics,BOS,TRUE,26.4,42,30,43,29
1954,NBA,Fort Wayne Pistons,FTW,TRUE,26.8,40,32,41,31
1954,NBA,Milwaukee Hawks,MLH,FALSE,26.1,21,51,19,53
1954,NBA,Minneapolis Lakers,MNL,TRUE,27.3,46,26,45,27
1954,NBA,New York Knicks,NYK,TRUE,27.1,44,28,36,36
1954,NBA,Philadelphia Warriors,PHW,FALSE,24.8,29,43,29,43
1954,NBA,Rochester Royals,ROC,TRUE,29.2,44,28,44,28
1954,NBA,Syracuse Nationals,SYR,TRUE,25.5,42,30,50,22
1954,NBA,League Average,NA,FALSE,26.3,NA,NA,36,36
1953,NBA,Baltimore Bullets,BLB,TRUE,26.3,16,54,18,52
1953,NBA,Boston Celtics,BOS,TRUE,25.4,46,25,42,29
1953,NBA,Fort Wayne Pistons,FTW,TRUE,26.5,36,33,34,35
1953,NBA,Indianapolis Olympians,INO,TRUE,25.5,28,43,27,44
1953,NBA,Milwaukee Hawks,MLH,FALSE,26.3,27,44,31,40
1953,NBA,Minneapolis Lakers,MNL,TRUE,26.5,48,22,52,18
1953,NBA,New York Knicks,NYK,TRUE,26,47,23,50,20
1953,NBA,Philadelphia Warriors,PHW,FALSE,26,12,57,16,53
1953,NBA,Rochester Royals,ROC,TRUE,29.2,44,26,43,27
1953,NBA,Syracuse Nationals,SYR,TRUE,25.8,47,24,48,23
1953,NBA,League Average,NA,FALSE,26.5,NA,NA,36,34
1952,NBA,Baltimore Bullets,BLB,FALSE,27.3,20,46,15,51
1952,NBA,Boston Celtics,BOS,TRUE,24.9,39,27,43,23
1952,NBA,Fort Wayne Pistons,FTW,TRUE,26.5,29,37,27,39
1952,NBA,Indianapolis Olympians,INO,TRUE,24.5,34,32,33,33
1952,NBA,Milwaukee Hawks,MLH,FALSE,26.6,17,49,13,53
1952,NBA,Minneapolis Lakers,MNL,TRUE,25.9,40,26,49,17
1952,NBA,New York Knicks,NYK,TRUE,25.5,37,29,35,31
1952,NBA,Philadelphia Warriors,PHW,TRUE,26.6,33,33,30,36
1952,NBA,Rochester Royals,ROC,TRUE,28.9,41,25,42,24
1952,NBA,Syracuse Nationals,SYR,TRUE,25.8,40,26,45,21
1952,NBA,League Average,NA,FALSE,26.3,NA,NA,33,33
1951,NBA,Baltimore Bullets,BLB,FALSE,NA,24,42,27,39
1951,NBA,Boston Celtics,BOS,TRUE,NA,39,30,34,35
1951,NBA,Fort Wayne Pistons,FTW,TRUE,NA,32,36,29,39
1951,NBA,Indianapolis Olympians,INO,TRUE,NA,31,37,27,41
1951,NBA,Minneapolis Lakers,MNL,TRUE,NA,44,24,49,19
1951,NBA,New York Knicks,NYK,TRUE,NA,36,30,34,32
1951,NBA,Philadelphia Warriors,PHW,TRUE,NA,40,26,43,23
1951,NBA,Rochester Royals,ROC,TRUE,NA,41,27,42,26
1951,NBA,Syracuse Nationals,SYR,TRUE,NA,32,34,34,32
1951,NBA,Tri-Cities Blackhawks,TRI,FALSE,NA,25,43,24,44
1951,NBA,Washington Capitols,WSC,FALSE,NA,10,25,11,24
1951,NBA,League Average,NA,FALSE,NA,NA,NA,32,32
1950,NBA,Anderson Packers,AND,TRUE,NA,37,27,42,22
1950,NBA,Baltimore Bullets,BLB,FALSE,NA,25,43,18,50
1950,NBA,Boston Celtics,BOS,FALSE,NA,22,46,27,41
1950,NBA,Chicago Stags,CHS,TRUE,NA,40,28,39,29
1950,NBA,Denver Nuggets,DNN,FALSE,NA,11,51,8,54
1950,NBA,Fort Wayne Pistons,FTW,TRUE,NA,40,28,38,30
1950,NBA,Indianapolis Olympians,INO,TRUE,NA,39,25,42,22
1950,NBA,Minneapolis Lakers,MNL,TRUE,NA,51,17,55,13
1950,NBA,New York Knicks,NYK,TRUE,NA,40,28,40,28
1950,NBA,Philadelphia Warriors,PHW,TRUE,NA,26,42,24,44
1950,NBA,Rochester Royals,ROC,TRUE,NA,51,17,54,14
1950,NBA,Sheboygan Red Skins,SHE,TRUE,NA,22,40,18,44
1950,NBA,St. Louis Bombers,STB,FALSE,NA,26,42,25,43
1950,NBA,Syracuse Nationals,SYR,TRUE,NA,51,13,51,13
1950,NBA,Tri-Cities Blackhawks,TRI,TRUE,NA,29,35,30,34
1950,NBA,Waterloo Hawks,WAT,FALSE,NA,19,43,17,45
1950,NBA,Washington Capitols,WSC,TRUE,NA,32,36,31,37
1950,NBA,League Average,NA,FALSE,NA,NA,NA,33,33
1949,BAA,Baltimore Bullets,BLB,TRUE,NA,29,31,33,27
1949,BAA,Boston Celtics,BOS,FALSE,NA,25,35,22,38
1949,BAA,Chicago Stags,CHS,TRUE,NA,38,22,40,20
1949,BAA,Fort Wayne Pistons,FTW,FALSE,NA,22,38,21,39
1949,BAA,Indianapolis Jets,INJ,FALSE,NA,18,42,18,42
1949,BAA,Minneapolis Lakers,MNL,TRUE,NA,44,16,47,13
1949,BAA,New York Knicks,NYK,TRUE,NA,32,28,34,26
1949,BAA,Philadelphia Warriors,PHW,TRUE,NA,28,32,31,29
1949,BAA,Providence Steamrollers,PRO,FALSE,NA,12,48,11,49
1949,BAA,Rochester Royals,ROC,TRUE,NA,45,15,46,14
1949,BAA,St. Louis Bombers,STB,TRUE,NA,29,31,21,39
1949,BAA,Washington Capitols,WSC,TRUE,NA,38,22,36,24
1949,BAA,League Average,NA,FALSE,NA,NA,NA,30,30
1948,BAA,Baltimore Bullets,BLB,TRUE,NA,28,20,33,15
1948,BAA,Boston Celtics,BOS,TRUE,NA,20,28,15,33
1948,BAA,Chicago Stags,CHS,TRUE,NA,28,20,30,18
1948,BAA,New York Knicks,NYK,TRUE,NA,26,22,31,17
1948,BAA,Philadelphia Warriors,PHW,TRUE,NA,27,21,27,21
1948,BAA,Providence Steamrollers,PRO,FALSE,NA,6,42,5,43
1948,BAA,St. Louis Bombers,STB,TRUE,NA,29,19,29,19
1948,BAA,Washington Capitols,WSC,TRUE,NA,28,20,30,18
1948,BAA,League Average,NA,FALSE,NA,NA,NA,25,23
1947,BAA,Boston Celtics,BOS,FALSE,NA,22,38,15,45
1947,BAA,Chicago Stags,CHS,TRUE,NA,39,22,41,20
1947,BAA,Cleveland Rebels,CLR,TRUE,NA,30,30,27,33
1947,BAA,Detroit Falcons,DTF,FALSE,NA,20,40,24,36
1947,BAA,New York Knicks,NYK,TRUE,NA,33,27,32,28
1947,BAA,Philadelphia Warriors,PHW,TRUE,NA,35,25,40,20
1947,BAA,Pittsburgh Ironmen,PIT,FALSE,NA,15,45,12,48
1947,BAA,Providence Steamrollers,PRO,FALSE,NA,28,32,25,35
1947,BAA,St. Louis Bombers,STB,TRUE,NA,38,23,39,22
1947,BAA,Toronto Huskies,TRH,FALSE,NA,22,38,17,43
1947,BAA,Washington Capitols,WSC,TRUE,NA,49,11,53,7
1947,BAA,League Average,NA,FALSE,NA,NA,NA,30,31
